1,영업/정상,1,정상영업,34547.21,서울특별시 강서구 등촌3동 689번지 외 2,서울특별시 강서구 강서로56길 17 (등촌동),37.5599625,126.8403501,(주) 이랜드리테일 강서점,백화점,
1,영업/정상,1,정상영업,7337,서울특별시 구로구 구로동 3번지 25호 외 31필지,"서울특별시 구로구 새말로 97 (구로동,외 31필지)",37.5069735,126.8903193,(주) 이마트 신도림점,대형마트,
1,영업/정상,1,정상영업,4297.5,서울특별시 도봉구 창동 135번지 26호,서울특별시 도봉구 노해로65길 4 (창동),37.6520214,127.0473283,(주) 이마트 창동점,복합쇼핑몰,
1,영업/정상,1,정상영업,2702,서울특별시 강서구 방화동 620호,,37.56328653,126.8092406,(주)공항시장,시장,대규모점포
1,영업/정상,1,정상영업,13458.03,서울특별시 중구 신당1동 777번지,서울특별시 중구 마장로1길 21 (신당동),37.5686416,127.0119116,(주)광희패션몰,그 밖의 대규모점포,
1,영업/정상,1,정상영업,788.08,,서울특별시 강북구 도봉로33길 18 (미아동),37.621567,127.0264602,(주)농협유통 미아점,대형마트,준대규모점포
1,영업/정상,1,정상영업,1649.43,서울특별시 강동구 성내1동 451번지,서울특별시 강동구 올림픽로 528 (성내동),37.5299382,127.1301719,(주)농협유통 하나로마트 성내점,구분없음,
1,영업/정상,1,정상영업,3271,서울특별시 용산구 한강로2가 15번지 19호,서울특별시 용산구 청파로 122 (한강로2가),37.5304108,126.9700755,(주)농협유통하나로클럽용산점,대형마트,
1,영업/정상,1,정상영업,11893.83,서울특별시 영등포구 영등포동4가 434번지 5호 신세계백화점,"서울특별시 영등포구 영중로 9 (영등포동4가, 신세계백화점)",37.5171482,126.9055629,(주)신세계 타임스퀘어점,백화점,
1,영업/정상,1,정상영업,4203.03,서울특별시 중구 신당동 776호,서울특별시 중구 마장로 19 (신당동),37.5681449,127.0119905,(주)에리어식스,그 밖의 대규모점포,대규모점포
1,영업/정상,1,정상영업,784.04,서울특별시 도봉구 창2동 628번지 20호,서울특별시 도봉구 도봉로104길 53 (창동),37.6434822,127.0350921,(주)에브리데이리테일 창동점,구분없음,준대규모점포
1,영업/정상,1,정상영업,1095.47,서울특별시 도봉구 창2동 628번지 20호,서울특별시 도봉구 도봉로104길 53 (창동),37.6434822,127.0350921,(주)에브리데이리테일 창동점,구분없음,준대규모점포
1,영업/정상,1,정상영업,62555.57,서울특별시 용산구 한강로3가 16번지 9호,서울특별시 용산구 청파로 74 (한강로3가),37.5276547,126.9622041,(주)에스와이에스홀딩스,전문점,대규모점포
1,영업/정상,1,정상영업,6906.53,서울특별시 종로구 서린동 33번지 영풍빌딩,서울특별시 종로구 청계천로 41 (서린동),37.5695207,126.9804208,(주)영풍문고,전문점,
1,영업/정상,1,정상영업,3752,,서울특별시 서초구 잠원로 69 (잠원동),37.5102421,127.006883,(주)이랜드킴스클럽 강남점,대형마트,
1,영업/정상,1,정상영업,9927.72,서울특별시 구로구 구로동 188번지 26호,서울특별시 구로구 디지털로32길 43 (구로동),37.4843485,126.897922,(주)이마트 구로점,대형마트,
1,영업/정상,1,정상영업,5687.96,서울특별시 마포구 신공덕동 173번지,서울특별시 마포구  백범로  212 (신공덕동),37.5488865,126.9520208,(주)이마트 마포점,대형마트,대규모점포
1,영업/정상,1,정상영업,5687.96,서울특별시 마포구 공덕동 173번지 대우월드마크마포,서울특별시 마포구 백범로 212 (신공덕동),37.5488865,126.9520208,(주)이마트 마포점,대형마트,
1,영업/정상,1,정상영업,8659,서울특별시 강동구 명일동 46번지 4 호,서울특별시 강동구 고덕로 276 (명일동),37.5546724,127.1558427,(주)이마트 명일점,대형마트트,
1,영업/정상,1,정상영업,14074.76,서울특별시 양천구 목1동 962번지 1호 목동트라팰리스 내,서울특별시 양천구 오목로 299 (목동),37.5259926,126.8703832,(주)이마트 목동점,대형마트,
1,영업/정상,1,정상영업,6881.2,서울특별시 은평구 수색동 75번지,서울특별시 은평구 수색로 217 (수색동),37.5795929,126.8986491,(주)이마트 수색점,대형마트,
1,영업/정상,1,정상영업,1943.87,서울특별시 양천구 신월5동 26번지,서울특별시 양천구 화곡로 59 (신월동),37.5397561,126.8287684,(주)이마트 신월점,백화점,
1,영업/정상,1,정상영업,9250,서울특별시 서초구 양재동 215호 하이브랜드 지하1층,"서울특별시 서초구 매헌로 16 (양재동,하이브랜드 지하1층)",37.4633949,127.0370136,(주)이마트 양재점,대형마트,
1,영업/정상,1,정상영업,3536.87,,서울특별시 영등포구 여의동로3길 10 (여의도동),37.5181719,126.9260538,(주)이마트 여의도점,대형마트,
1,영업/정상,1,정상영업,5174,서울특별시 강남구 역삼동 755번지,서울특별시 강남구 역삼로 310 (역삼동),37.499217,127.0484398,(주)이마트 역삼점,대형마트,대규모점포
1,영업/정상,1,정상영업,11573,서울특별시 성동구 행당동 168번지 1호,서울특별시 성동구 왕십리광장로 17 (행당동),37.5612886,127.038382,(주)이마트 왕십리점,대형마트,
1,영업/정상,1,정상영업,16105.48,서울특별시 은평구 응암동 90번지 1호,서울특별시 은평구 은평로 111 (응암동),37.6003572,126.9201927,(주)이마트 은평점,대형마트,
1,영업/정상,1,정상영업,11320.4,서울특별시 광진구 자양동 227번지 7호,서울특별시 광진구 아차산로 272 (자양동),37.531692,127.074516,(주)이마트 자양점,대형마트,
1,영업/정상,1,정상영업,326.92,서울특별시 송파구 가락동 88번지 2호,서울특별시 송파구 중대로9길 35 (가락동),37.4963124,127.1182986,(주)이마트에브리데이 가락동점,구분없음,준대규모점포
1,영업/정상,1,정상영업,876,서울특별시 강서구 등촌동 73-1 금부빌딩,"서울특별시 강서구 양천로 476, 금부빌딩 (등촌동)",37.5614829,126.8530851,(주)이마트에브리데이 가양역점,구분없음,
1,영업/정상,1,정상영업,860,"서울특별시 구로구 개봉동 324-1, 324-11,324-13  1층",서울특별시 구로구 개봉로17길 34 (개봉동),37.491679,126.8539007,(주)이마트에브리데이 개봉동점,구분없음,준대규모점포
1,영업/정상,1,정상영업,739.8,서울특별시 노원구 공릉2동 89번지 1호  대덕프라자 지층 101~102호,서울특별시 노원구 노원로1길 67 (공릉동),37.6208105,127.0836023,(주)이마트에브리데이 공릉동점,구분없음,준대규모점포
1,영업/정상,1,정상영업,967.51,서울특별시 동대문구 답십리1동 530번지 11호  외1필지 지층1호~13호,서울특별시 동대문구 고미술로 49 (답십리동),37.567571,127.0532914,(주)이마트에브리데이 답십리점,구분없음,준대규모점포
1,영업/정상,1,정상영업,331.34,서울특별시 동작구 대방동 335번지 17호,서울특별시 동작구 상도로 81 (대방동),37.514496,126.9311485,(주)이마트에브리데이 대방동점,복합쇼핑몰,준대규모점포
1,영업/정상,1,정상영업,1440.66,서울특별시 중랑구 면목7동 650번지 카멜리아 쇼핑센타 1층,서울특별시 중랑구 면목로39길 11 (면목동),37.5795472,127.0862966,(주)이마트에브리데이 면목동점,그 밖의 대규모점포,
1,영업/정상,1,정상영업,1056.33,"서울특별시 강동구 명일2동 15번지 삼익그린맨션 상가동 지층22,23,25",서울특별시 강동구 고덕로 210 (명일동),37.5532944,127.1484591,(주)이마트에브리데이 명일동점,구분없음,준대규모점포
1,영업/정상,1,정상영업,396.88,서울특별시 양천구 신정동 995-2,서울특별시 양천구 목동로 183(신정동),37.5248392,126.8642384,(주)이마트에브리데이 목동역점,구분없음,준대규모점포
1,영업/정상,1,정상영업,468.92,서울특별시 양천구 목5동 904번지 목동4단지아파트 관리동 105호,"서울특별시 양천구 목동서로 130, 관리동 105호 (목동,목동4단지아파트)",37.5319769,126.8720099,(주)이마트에브리데이 목동점,구분없음,준대규모점포
1,영업/정상,1,정상영업,500.56,서울특별시 강북구 미아동 1351번지,"서울특별시 강북구 도봉로 157, 112호 (미아동, 두원프라자)",37.6227386,127.0270046,(주)이마트에브리데이 미아동점,대형마트,준대규모점포
1,영업/정상,1,정상영업,414.86,서울특별시 관악구 은천동 937번지 6호 동영빌딩 1층,서울특별시 관악구 은천로 51 (봉천동),37.4862469,126.9410887,(주)이마트에브리데이 봉천동점,대형마트,준대규모점포
1,영업/정상,1,정상영업,671.98,"서울특별시 동작구 사당동 105번지 신동아상가 제1층 101~105, 110호","서울특별시 동작구 동작대로29길 110 (사당동, 신동아아파트)",37.4896379,126.977959,(주)이마트에브리데이 사당동점,그 밖의 대규모점포,준대규모점포
1,영업/정상,1,정상영업,500.84,서울특별시 노원구 중계동 160-1 기업은행,"서울특별시 노원구 덕릉로 690, 1층 (중계동)",37.6591724,127.0757695,(주)이마트에브리데이 상계역점,구분없음,
1,영업/정상,1,정상영업,280,서울특별시 동작구 상도동 527번지,서울특별시 동작구 상도로31길 19 (상도동),37.5060041,126.9438244,(주)이마트에브리데이 상도동점,그 밖의 대규모점포,준대규모점포
1,영업/정상,1,정상영업,0,서울특별시 강서구 가양동 1458번지 9호 동남빌딩,"서울특별시 강서구 허준로 16-12, 동남빌딩 (가양동)",37.5699216,126.8432318,㈜이마트에브리데이 양천향교역점,구분없음,준대규모점포
1,영업/정상,1,정상영업,1075.83,서울특별시 영등포구 당산동2가 165 한화포레나당산,"서울특별시 영등포구 당산로 83, 지하 102~103호 (당산동2가, 한화포레나당산)",37.5222502,126.8953397,(주)이마트에브리데이 영등포구청점,구분없음,
1,영업/정상,1,정상영업,2260.6,서울특별시 동대문구 이문동 292번지 10호,서울특별시 동대문구 이문로 136 (이문동),37.598488,127.0618949,(주)이마트에브리데이 이문점,구분없음,준대규모점포
1,영업/정상,1,정상영업,2355,서울특별시 동작구 사당동 147번지 29호 이수자이,"서울특별시 동작구 사당로 300 (사당동, 이수자이)",37.4843975,126.9804278,(주)이마트에브리데이 이수점,복합쇼핑몰,
1,영업/정상,1,정상영업,662.55,서울특별시 광진구 중곡1동 229번지 5호,서울특별시 광진구 긴고랑로11길 11 (중곡동),37.5639179,127.0813137,(주)이마트에브리데이 중곡동점,구분없음,
1,영업/정상,1,정상영업,784.04,서울특별시 도봉구 창동 628번지 20호,서울특별시 도봉구 도봉로104길 53 (창동),37.6434822,127.0350921,(주)이마트에브리데이 창동점,구분없음,준대규모점포
1,영업/정상,1,정상영업,317,,"서울특별시 강서구 화곡로 274 (화곡동, 외4필지 크라운뷰 1층 104~109)",37.5489235,126.8475383,(주)이마트에브리데이 화곡동점,그 밖의 대규모점포,준대규모점포
1,영업/정상,1,정상영업,9081,서울특별시 강동구 천호동 454번지 1호,서울특별시 강동구 천호대로 1017 (천호동),37.5386443,127.1255434,(주)이마트천호점,대형마트,
1,영업/정상,1,정상영업,3225,서울특별시 성동구 성수동2가 289번지 4호,서울특별시 성동구 아차산로7길 28 (성수동2가),37.5475471,127.0554558,(주)인트램,그 밖의 대규모점포,대규모점포
1,영업/정상,1,정상영업,,서울특별시 용산구 한강로2가 413호,서울특별시 용산구 청파로 113-12 (한강로2가),37.5332357,126.9702724,(주)전자타운,그 밖의 대규모점포,
1,영업/정상,1,정상영업,1203,서울특별시 관악구 봉천동 1567번지 1호,서울특별시 관악구 쑥고개로 111 (봉천동),37.4794568,126.949145,(주)지에스리테일 관악점,구분없음,준대규모점포
1,영업/정상,1,정상영업,529,서울특별시 관악구 봉천동 1629번지 2호,서울특별시 관악구 봉천로 576 (봉천동),37.4769454,126.9612332,(주)지에스리테일 낙성대점,구분없음,준대규모점포
1,영업/정상,1,정상영업,492.56,,서울특별시 중구 다산로 32 (신당동),37.5490132,127.0092806,(주)지에스리테일 남산타운점,구분없음,
1,영업/정상,1,정상영업,1494.61,서울특별시 강동구 명일1동 312번지 99호,서울특별시 강동구 양재대로 1630 (명일동),37.5510546,127.1447767,(주)지에스리테일 명일점,구분없음,준대규모점포
1,영업/정상,1,정상영업,572.18,,"서울특별시 송파구 오금로31가길 20 (방이동, 대림아파트)",37.5076633,127.124291,(주)지에스리테일 방이점,구분없음,준대규모점포
1,영업/정상,1,정상영업,251.33,서울특별시 동작구 상도동 531번지 상가2동 지상1층 101~105호,"서울특별시 동작구 상도로 346-1 (상도동, 상도엠코타운 센트럴파크)",37.4954093,126.9508735,(주)지에스리테일 상도 엠코타운점,구분없음,준대규모점포
1,영업/정상,1,정상영업,301.45,,"서울특별시 성북구 보문사길 111 (보문동6가, 보문파크뷰자이)",37.5801055,127.0182355,(주)지에스리테일 성북보문점,구분없음,준대규모점포
1,영업/정상,1,정상영업,314.01,,서울특별시 송파구 오금로46길 49 (가락동),37.4980756,127.1209737,(주)지에스리테일 송파가락점,구분없음,준대규모점포
1,영업/정상,1,정상영업,883,,"서울특별시 송파구 동남로 189 (가락동, 쌍용아파트)",37.494264,127.130345,(주)지에스리테일 송파점,구분없음,준대규모점포
1,영업/정상,1,정상영업,272.02,,"서울특별시 강남구 압구정로18길 25 (신사동, 한국산업양행빌딩)",37.52330062,127.0254644,(주)지에스리테일 신사점,구분없음,준대규모점포
1,영업/정상,1,정상영업,346,서울특별시 양천구 신정동 201번지 1호 세양청마루2차 지상1층,"서울특별시 양천구 목동남로4길 2 (신정동, 세양청마루2차주상복합)",37.5082247,126.8645332,(주)지에스리테일 신정2점,구분없음,준대규모점포
1,영업/정상,1,정상영업,1127.88,서울특별시 강동구 암사3동 414번지 18호 강동롯데캐슬퍼스트아파트,서울특별시 강동구 고덕로 133 (암사동),37.5553105,127.1403856,(주)지에스리테일 암사캐슬점,구분없음,준대규모점포
1,영업/정상,1,정상영업,286.2,서울특별시 강서구 염창동 249번지 8호 1층,"서울특별시 강서구 양천로 687, 1층 (염창동)",37.5506629,126.8726907,(주)지에스리테일 염창점,그 밖의 대규모점포,준대규모점포
1,영업/정상,1,정상영업,959.73,,서울특별시 송파구 올림픽로 203 (잠실동),37.5096079,127.0824398,(주)지에스리테일 잠실점,구분없음,준대규모점포
1,영업/정상,1,정상영업,617.57,,"서울특별시 송파구 올림픽로 435 (신천동, 파크리오아파트)",37.5205362,127.1061511,(주)지에스리테일 잠실파크리오점,구분없음,준대규모점포
1,영업/정상,1,정상영업,1505.36,서울특별시 노원구 상계동 684번지,서울특별시 노원구 한글비석로 471 (상계동),37.6641181,127.0655654,(주)지에스리테일 GS수퍼상계점,구분없음,준대규모점포
1,영업/정상,1,정상영업,510.88,서울특별시 강남구 논현동 140번지,"서울특별시 강남구 강남대로128길 128-20, 1층 101,104,106호 (논현동, 영동프라자)",37.5111262,127.0254209,(주)지에스리테일 GS슈퍼 강남 논현점,구분없음,준대규모점포
1,영업/정상,1,정상영업,565.54,서울특별시 노원구 월계3동 18번지 그랑빌아파트주상가 지층동 101호,서울특별시 노원구 마들로 31 (월계동),37.6178025,127.0685682,(주)지에스리테일 GS슈퍼 노원월계점,구분없음,준대규모점포
1,영업/정상,1,정상영업,490,서울특별시 강북구 미아동 1357번지 6호,서울특별시 강북구 삼양로27길 35-21 (미아동),37.6179491,127.0189395,(주)지에스리테일GS수퍼 강북미아점,대형마트,준대규모점포
1,영업/정상,1,정상영업,1162,서울특별시 광진구 화양동 10번지 1호,서울특별시 광진구 능동로13길 39 (화양동),37.5448994,127.0732212,(주)지에스리테일GS수퍼 광진화양점,구분없음,
1,영업/정상,1,정상영업,3383.98,서울특별시 관악구 미성동 607번지 73호,서울특별시 관악구 난곡로 220 (신림동),37.4743263,126.9179791,(주)천성세이브마트,그 밖의 대규모점포,대규모점포
1,영업/정상,1,정상영업,37604.54,서울특별시 강남구 압구정동 429번지,"서울특별시 강남구 압구정로 165 (압구정동, 현대백화점본점)",37.5273268,127.0274265,(주)현대백화점 본점,백화점,대규모점포
1,영업/정상,1,정상영업,11167.69,서울특별시 동대문구 장안동 368번지 1호,서울특별시 동대문구 답십리로 288 (장안동),37.5719259,127.0723893,(주)형지쇼핑 아트몰링 장안점,그 밖의 대규모점포,대규모점포
1,영업/정상,1,정상영업,292.5,서울특별시 동작구 대방동 341번지 2호,서울특별시 동작구 노량진로 4 (대방동),37.5123972,126.926062,(주)홈플러스 대방점,그 밖의 대규모점포,준대규모점포
1,영업/정상,1,정상영업,1273.2,,서울특별시 서대문구 응암로 54 (북가좌동),37.5778925,126.9102335,(주)GS리테일 북가좌점,구분없음,준대규모점포
1,영업/정상,1,정상영업,145244.54,서울특별시 송파구 문정동 516번지,서울특별시 송파구 충민로 66 (문정동),37.4776483,127.1249964,가든파이브 라이프,그 밖의 대규모점포,대규모점포
1,영업/정상,1,정상영업,84471,서울특별시 송파구 문정동 292번지 외 29필지,서울특별시 송파구 충민로 10 (문정동),37.478626,127.1192753,가든파이브 툴,쇼핑센터,
1,영업/정상,5,영업개시전,18020,서울특별시 금천구 가산동 60-26,서울특별시 금천구 디지털로 178 (가산동),37.4772466,126.8851308,가산퍼블릭 상업시설,그 밖의 대규모점포,
1,영업/정상,1,정상영업,3062.7,서울특별시 강남구 신사동 510번지 11호,서울특별시 강남구 압구정로2길 46 (신사동),37.5187712,127.0206688,강남시장,복합쇼핑몰,대규모점포
1,영업/정상,1,정상영업,3513.8,서울특별시 강동구 길동 414번지 10호,서울특별시 강동구 진황도로 99 (길동),37.5360537,127.1374768,강동한신휴플러스,그 밖의 대규모점포,대규모점포
1,영업/정상,1,정상영업,2736.8,서울특별시 강북구 번1동 413번지 3호,서울특별시 강북구 한천로123길 26 (번동),37.6362361,127.0303452,강북 북부시장,시장,대규모점포
1,영업/정상,1,정상영업,2837,서울특별시 강북구 수유동 179번지 5호,서울특별시 강북구 한천로148길 12-43 (수유동),37.6425498,127.0242649,강북종합시장,시장,대규모점포
1,영업/정상,1,정상영업,3385.1,서울특별시 강서구 화곡1동 1071번지 19호,"서울특별시 강서구 화곡로18길 24 (화곡동, 강서 뉴타워)",37.538995,126.8353509,강서 뉴타워,그 밖의 대규모점포,대규모점포
1,영업/정상,1,정상영업,2464,서울특별시 구로구 개봉동 361번지 1호,서울특별시 구로구 개봉로3길 51 (개봉동),37.4859688,126.8534425,개봉제일시장,그 밖의 대규모점포,대규모점포
1,영업/정상,1,정상영업,,서울특별시 구로구 개봉동 324번지 1   호,,37.49163504,126.8538904,개봉중앙시장,그 밖의 대규모점포,
1,영업/정상,1,정상영업,3085,서울특별시 구로구 고척동 269번지 1호,서울특별시 구로구 고척로40길 19 (고척동),37.5020155,126.851164,개봉프라자,시장,대규모점포
1,영업/정상,1,정상영업,,서울특별시 구로구 고척동 269번지 1   호,,37.50185136,126.85121,개봉프라자,그 밖의 대규모점포,
1,영업/정상,1,정상영업,10250,서울특별시 강남구 압구정동 515호,"서울특별시 강남구 압구정로 407 (압구정동, 갤러리아백화점)",37.5280802,127.0415695,갤러리아백화점(동관),백화점,
1,영업/정상,1,정상영업,15358,서울특별시 강남구 압구정동 494호,"서울특별시 강남구 압구정로 343 (압구정동, 갤러리아백화점)",37.5285614,127.0400548,갤러리아백화점(서관),백화점,
1,영업/정상,1,정상영업,7383.45,서울특별시 송파구 잠실동 40호,서울특별시 송파구 올림픽로 212 (잠실동),37.508797,127.08426,갤러리아팰리스 아케이드,그 밖의 대규모점포,대규모점포
1,영업/정상,1,정상영업,6986.87,서울특별시 동대문구 용두동 787번지 동의보감타워,,37.57778972,127.0377093,건강백화점 동의보감,전문점,대규모점포
1,영업/정상,1,정상영업,10292,서울특별시 노원구 중계동 506번지 1   호,,37.63882442,127.0649519,건영옴니백화점,백화점,대규모점포
1,영업/정상,1,정상영업,15540.7,서울특별시 동대문구 제기동 1019 경동시장,"서울특별시 동대문구 고산자로36길 3, 경동시장 (제기동)",37.57973,127.03854,경동시장,시장,
1,영업/정상,1,정상영업,10705,서울특별시 구로구 고척동 103번지 4호,"서울특별시 구로구 경인로43길 42 (고척동, 고척산업용품상가)",37.5047594,126.8634824,고척산업용품상가,복합쇼핑몰,대규모점포
1,영업/정상,1,정상영업,6992,서울특별시 구로구 고척동 50번지 48호,서울특별시 구로구 중앙로 64 (고척동),37.5038001,126.8628007,고척스카이프라자,그 밖의 대규모점포,대규모점포
1,영업/정상,1,정상영업,,서울특별시 구로구 고척동 50번지 48  호,,37.50349832,126.8626774,고척시장,그 밖의 대규모점포,
1,영업/정상,1,정상영업,40883.22,서울특별시 구로구 고척동 100-7,,37.49913286,126.8587838,고척아이파크쇼핑센터,쇼핑센터,
1,영업/정상,1,정상영업,4881,서울특별시 구로구 구로동 636번지 62호,서울특별시 구로구 경인로54길 4 (구로동),37.5057038,126.8898783,공구상가일번지,그 밖의 대규모점포,대규모점포
1,영업/정상,1,정상영업,750,서울특별시 마포구 공덕동 256번지 10호,서울특별시 마포구 만리재로 19 (공덕동),37.5448136,126.9533766,공덕시장,시장,대규모점포
1,영업/정상,1,정상영업,5869.69,,"서울특별시 노원구 동일로180길 14 (공릉동, 공릉종합상가)",37.6236241,127.0971979,공릉종합상가,그 밖의 대규모점포,대규모점포
1,영업/정상,1,정상영업,4096.65,서울특별시 관악구 봉천동 10번지 4호 외14필지,서울특별시 관악구 청림3길 10 (봉천동),37.4886383,126.9594849,관악쇼핑,그 밖의 대규모점포,대규모점포
1,영업/정상,1,정상영업,,호,,37.48155368,126.9281351,관악종합시장,그 밖의 대규모점포,
1,영업/정상,1,정상영업,7081.47,서울특별시 관악구 봉천동 31번지 1호,서울특별시 관악구 관악로 212 (봉천동),37.4836165,126.9551487,관악프라자,쇼핑센터,대규모점포
1,영업/정상,1,정상영업,4600.89,서울특별시 관악구 봉천동 1000호,서울특별시 관악구 관악로40길 47 (봉천동),37.4922659,126.9584734,관악현대상가,그 밖의 대규모점포,대규모점포
1,영업/정상,1,정상영업,2135.53,서울특별시 광진구 중곡동 229번지 15호,서울특별시 광진구 능동로47길 30 (중곡동),37.5642831,127.0845177,광성시장,그 밖의 대규모점포,대규모점포
1,영업/정상,1,정상영업,16128.75,서울특별시 종로구 예지동 6번지 1호,서울특별시 종로구 창경궁로 88 (예지동),37.570085,126.9960754,광장시장,복합쇼핑몰,대규모점포
1,영업/정상,1,정상영업,5546,,서울특별시 서초구 강남대로 465 (서초동),37.5037754,127.0240711,교보타워 지하아케이드,전문점,대규모점포
1,영업/정상,1,정상영업,,서울특별시 구로구 구로동 736번지 1   호,,37.48959318,126.8855946,구로시장,그 밖의 대규모점포,
1,영업/정상,1,정상영업,3208.98,서울특별시 광진구 구의동 66-25,서울특별시 광진구 광나루로39길 11 (구의동),37.5454994,127.0887779,구의 자이르네 판매시설,그 밖의 대규모점포,
1,영업/정상,1,정상영업,1707.82,서울특별시 광진구 구의동 611호,서울특별시 광진구 광나루로56길 34 (구의동),37.5386271,127.0958742,구의현대종합상가,그 밖의 대규모점포,대규모점포
1,영업/정상,1,정상영업,,서울특별시 용산구 한강로1가 191호,,37.53342103,126.9741079,국제센터아케이드,그 밖의 대규모점포,
1,영업/정상,1,정상영업,33736,,서울특별시 서초구 효령로 304 (서초동),37.484742,127.0177676,국제전자도매센타,전문점,대규모점포
1,영업/정상,1,정상영업,9316.94,,서울특별시 중구 남대문로 30 (남창동),37.5605417,126.9783781,굳앤굳 디자이너월드,그 밖의 대규모점포,대규모점포
1,영업/정상,1,정상영업,40302.01,서울특별시 중구 을지로6가 18번지 21호 굿모닝시티쇼핑몰,"서울특별시 중구 장충단로 247 (을지로6가,굿모닝시티쇼핑몰)",37.5668728,127.0072811,굿모닝시티 쇼핑몰,쇼핑센터,대규모점포
1,영업/정상,1,정상영업,0,서울특별시 강남구 대치동 500호,"서울특별시 강남구 남부순환로 2912 (대치동, 개포우성아파트)",37.4912057,127.0598851,그랑프리,그 밖의 대규모점포,대규모점포
1,영업/정상,1,정상영업,1255,서울특별시 강남구 압구정1동 456번지,서울특별시 압구정로 201 (구현대아파트),37.5296583,127.0308297,금강상가,그 밖의 대규모점포,
1,영업/정상,1,정상영업,3338.57,서울특별시 도봉구 쌍문동 711번지 금강아미움파크타운,"서울특별시 도봉구 방학로5길 33, 금강아미움파크타운 (쌍문동, 금강아미움파크타운)",37.6613476,127.0381877,금강아미움쇼핑센터,그 밖의 대규모점포,대규모점포
1,영업/정상,1,정상영업,1156,서울특별시 성동구 금호동3가 332번지,서울특별시 성동구 독서당로 303-11 (금호동3가),37.5483616,127.0230464,금남시장,시장,대규모점포
1,영업/정상,1,정상영업,2973.4,서울특별시 성북구 길음동 535번지 8호,서울특별시 성북구 동소문로 227 (길음동),37.6027117,127.0217672,길음시장,시장,대규모점포
1,영업/정상,1,정상영업,15624,서울특별시 구로구 구로동 501번지,서울특별시 구로구 구로중앙로 134 (구로동),37.4998962,126.884113,나인스에비뉴,그 밖의 대규모점포,대규모점포
1,영업/정상,1,정상영업,11669.19,서울특별시 용산구 한강로3가 1번지 1호 나진상가,"서울특별시 용산구 청파로 109, 나진상가 (한강로3가)",37.533273,126.9637112,나진산업 주식회사,전문점,
1,영업/정상,1,정상영업,9879.92,서울특별시 용산구 한강로3가 1-1 나진상가,"서울특별시 용산구 청파로 109, 나진상가 14동 (한강로3가)",37.533273,126.9637112,나진전자월드상가,전문점,
1,영업/정상,1,정상영업,25198.02,서울특별시 종로구 낙원동 288번지 낙원상가,"서울특별시 종로구 삼일대로 428, 낙원상가 506호 (낙원동)",37.5726662,126.9878079,낙원상가,그 밖의 대규모점포,대규모점포
1,영업/정상,1,정상영업,5268.33,,서울특별시 중구 다산로 32 (신당동),37.5490132,127.0092806,남산타운2상가,그 밖의 대규모점포,대규모점포
1,영업/정상,1,정상영업,6954.85,,서울특별시 중구 다산로 32 (신당동),37.5490132,127.0092806,남산타운5상가,그 밖의 대규모점포,대규모점포
1,영업/정상,1,정상영업,3014.31,서울특별시 강남구 대치동 623번지,서울특별시 강남구 남부순환로 2921 (대치동),37.4936059,127.0597001,남서울종합시장,그 밖의 대규모점포,대규모점포
1,영업/정상,1,정상영업,6752.63,,서울특별시 중구 소월로 9 (남창동),37.5593959,126.9791563,남정종합상가,그 밖의 대규모점포,대규모점포
1,영업/정상,1,정상영업,6775.3,서울특별시 중구 신당동 772호,서울특별시 중구 장충단로 282-10 (신당동),37.5691795,127.0109129,남평화상가(주),그 밖의 대규모점포,
1,영업/정상,5,영업개시전,8995.84,서울특별시 동작구 노량진동 16-1 노량진 드림스퀘어 복합빌딩,"서울특별시 동작구 노들로2길 7, 노량진 드림스퀘어 복합빌딩 (노량진동)",37.5143244,126.9393827,노량진 드림스퀘어,그 밖의 대규모점포,
1,영업/정상,1,정상영업,1524.1,서울특별시 광진구 자양동 44번지 2호,서울특별시 광진구 뚝섬로 491 (자양동),37.5364865,127.0648626,노룬산시장,그 밖의 대규모점포,대규모점포
1,영업/정상,1,정상영업,0,서울특별시 강서구 가양동 54번지 5호,서울특별시 강서구 양천로 410 (가양동),37.5678802,126.8510787,노브랜드 강서가양점,구분없음,준대규모점포
1,영업/정상,1,정상영업,0,서울특별시 강서구 마곡동 768번지 2호 동익드미라벨복합빌딩,"서울특별시 강서구 마곡서로 101, 동익드미라벨복합빌딩 (마곡동)",37.5626996,126.823405,노브랜드 강서마곡점,구분없음,준대규모점포
1,영업/정상,1,정상영업,441.1,서울특별시 동대문구 제기동 1019번지 신관 2층,"서울특별시 동대문구 고산자로36길 3, 2층 (제기동)",37.5791626,127.039313,노브랜드 경동시장점,구분없음,
1,영업/정상,1,정상영업,1478.96,서울특별시 동대문구 장안동 580번지,서울특별시 동대문구 한천로 42 (장안동),37.570207,127.0700249,노브랜드 동대문 장안점,대형마트,준대규모점포
1,영업/정상,1,정상영업,358.71,,"서울특별시 강남구 삼성로 633, 1층 (삼성동, 삼광빌딩)",37.5145427,127.0636849,노브랜드 삼성점,구분없음,준대규모점포
1,영업/정상,1,정상영업,0,서울특별시 성동구 행당동 155번지 1호 서울숲 더샵,"서울특별시 성동구 왕십리로 241 (행당동, 서울숲 더샵)",37.5576248,127.0359917,노브랜드 엔터식스한양대점,구분없음,준대규모점포
1,영업/정상,1,정상영업,4572.81,서울특별시 노원구 상계동 1318번지,서울특별시 노원구 상계로23다길 13-8 (상계동),37.6597835,127.0691598,노원아이파크 상가,그 밖의 대규모점포,대규모점포
1,영업/정상,1,정상영업,3273.17,서울특별시 강남구 논현2동 108번지,서울특별시 강남구 학동로43길 38 (논현동),37.5184523,127.03803,논현웰스톤상가,그 밖의 대규모점포,대규모점포
1,영업/정상,1,정상영업,0,서울특별시 강남구 논현동 227번지 4호,서울특별시 강남구 봉은사로33길 33 (논현동),37.5100181,127.0347773,논현종합시장,그 밖의 대규모점포,대규모점포
1,영업/정상,1,정상영업,1662.6,서울특별시 송파구 오금동 615번지,서울특별시 송파구 양재대로72길 5 (오금동),37.5089467,127.1330597,농협하나로마트방이역점,구분없음,준대규모점포
1,영업/정상,1,정상영업,19056.99,,서울특별시 중구 을지로45길 62 (신당동),37.5671947,127.0127712,누죤,그 밖의 대규모점포,대규모점포
1,영업/정상,1,정상영업,21481.63,서울특별시 중구 명동2가 83번지 5호,서울특별시 중구 명동길 14 (명동2가),37.5634129,126.9828907,눈스퀘어,그 밖의 대규모점포,대규모점포
1,영업/정상,1,정상영업,12595,서울특별시 서초구 잠원동 70번지 5호 뉴코아백화점빌딩,"서울특별시 서초구 잠원로 37-6 (잠원동, 뉴코아백화점빌딩)",37.5083529,127.0059798,뉴코아백화점,백화점,
1,영업/정상,1,정상영업,15065.56,서울특별시 서초구 잠원동 70번지 2호,서울특별시 서초구 잠원로 51 (잠원동),37.5093972,127.0073103,뉴코아아울렛,전문점,
1,영업/정상,1,정상영업,8286.24,서울특별시 동대문구 이문1동 292번지 10호 (주)이문종합상가 이문동웰츠타워,,,,대규모점포,그 밖의 대규모점포,
1,영업/정상,1,정상영업,4049.55,서울특별시 성동구 행당동 347번지 행당동 대림아파트,"서울특별시 성동구 행당로 87, 행당동 대림아파트 (행당동)",37.557231,127.0266598,대림리빙프라자,그 밖의 대규모점포,대규모점포
1,영업/정상,1,정상영업,10041.58,서울특별시 중구 을지로4가 9번지 6호,서울특별시 중구 을지로 157 (을지로4가),37.5669278,127.0004123,대림상가,그 밖의 대규모점포,대규모점포
1,영업/정상,1,정상영업,1866,,서울특별시 서초구 나루터로 32 (잠원동),37.5158001,127.0153777,대림상가,그 밖의 대규모점포,대규모점포
1,영업/정상,1,정상영업,3001,,서울특별시 서초구 서초중앙로22길 25 (서초동),37.4934726,127.0154404,대림서초리시온,그 밖의 대규모점포,대규모점포
1,영업/정상,1,정상영업,0,서울특별시 동작구 대방동 501번지,,37.50877976,126.9243907,대림쇼핑타운,시장,
1,영업/정상,1,정상영업,3320,서울특별시 은평구 응암동 754번지 1호,,37.58682887,126.9178045,대림시장,시장,대규모점포
1,영업/정상,1,정상영업,,서울특별시 영등포구 대림동 963호,,37.49127718,126.8994835,대림시장,그 밖의 대규모점포,
1,영업/정상,1,정상영업,,서울특별시 금천구 시흥동 884번지 5호,서울특별시 금천구 시흥대로52길 70 (시흥동),37.454359,126.9017955,대명합동시장,시장,
1,영업/정상,1,정상영업,,서울특별시 영등포구 신길동 116번지 15호,서울특별시 영등포구 도신로60길 7 (신길동),37.5110761,126.9175849,대신시장,그 밖의 대규모점포,
1,영업/정상,1,정상영업,3364.41,서울특별시 도봉구 창동 804번지,서울특별시 도봉구 덕릉로63가길 61 (창동),37.6423702,127.0375315,대우상가,그 밖의 대규모점포,대규모점포
1,영업/정상,BBBB,,,서울특별시 은평구 대조동 14번지 37  호,,37.60983543,126.927757,대조시장,그 밖의 대규모점포,
1,영업/정상,1,정상영업,0,서울특별시 강남구 개포동 12호,"서울특별시 강남구 개포로109길 5 (개포동, 대청아파트)",37.4949355,127.0770664,대치1단지상가,그 밖의 대규모점포,대규모점포
1,영업/정상,1,정상영업,0,서울특별시 강남구 개포동 12호,"서울특별시 강남구 개포로109길 21 (개포동, 대청아파트)",37.4949355,127.0770664,대치2단지상가,그 밖의 대규모점포,대규모점포
1,영업/정상,1,정상영업,2105.31,서울특별시 강남구 대치동 977번지 12  호,서울특별시 강남구 삼성로64길 41 (대치동),37.5010034,127.063646,대치종합상가,그 밖의 대규모점포,대규모점포
1,영업/정상,1,정상영업,3887.79,서울특별시 은평구 불광동 631번지 1호,서울특별시 은평구 불광로 90-0 (불광동),37.6147539,126.9328608,대호프라자상가,복합쇼핑몰,
1,영업/정상,5,영업개시전,7511.51,서울특별시 강남구 역삼동 676 센터필드,"서울특별시 강남구 테헤란로 231, 센터필드 (역삼동)",37.5030426,127.041588,더 샵스 앳 센터필드 (THE SHOPS AT CENTERFIELD),그 밖의 대규모점포,대규모점포
1,영업/정상,1,정상영업,,서울특별시 영등포구 도림동 176호,,37.50977623,126.8984945,도림시장,그 밖의 대규모점포,
1,영업/정상,1,정상영업,4036.49,서울특별시 도봉구 도봉동 30번지 1호 도봉한신쇼핑상가,서울특별시 도봉구 도봉로180나길 41 (도봉동),37.6857362,127.0480605,도봉한신쇼핑상가,그 밖의 대규모점포,
1,영업/정상,1,정상영업,3629.76,서울특별시 도봉구 도봉동 657번지,서울특별시 도봉구 마들로 724 (도봉동),37.6745497,127.0476765,도봉한양프라자,그 밖의 대규모점포,대규모점포
1,영업/정상,1,정상영업,13667,,서울특별시 강남구 테헤란로87길 22-0 (삼성동),37.5095909,127.0592738,도심공항몰(CALT MALL),쇼핑센터,대규모점포
1,영업/정상,1,정상영업,0,서울특별시 성북구 동소문동5가 59번지 2호 돈암제일시장 고객편의센터,"서울특별시 성북구 동소문로18길 18, 돈암제일시장 고객편의센터 (동소문동5가)",37.5915356,127.0159235,돈암시장,시장,대규모점포
1,영업/정상,1,정상영업,1582,서울특별시 구로구 고척동 83번지 6호,서울특별시 구로구 중앙로3길 49 (고척동),37.498639,126.8619048,동국종합상가,그 밖의 대규모점포,대규모점포
1,영업/정상,1,정상영업,,서울특별시 영등포구 영등포동5가 24호,서울특별시 영등포구 영등포로37길 4 (영등포동5가),37.5198502,126.9077793,동남시장,그 밖의 대규모점포,
1,영업/정상,1,정상영업,,서울특별시 종로구 창신동 436번지 79  호,,37.57009372,127.0134872,동대문신발도매상가,그 밖의 대규모점포,
1,영업/정상,1,정상영업,55081.94,서울특별시 종로구 종로6가 289번지 3 호,서울특별시 종로구 종로 266 (종로6가),37.5719508,127.0076798,동대문종합시장,그 밖의 대규모점포,대규모점포
1,영업/정상,1,정상영업,4612.66,서울특별시 종로구 종로6가 289번지 57호,서울특별시 종로구 종로 272 (종로6가),37.5710513,127.0077232,동대문종합시장 신관,그 밖의 대규모점포,대규모점포
1,영업/정상,1,정상영업,11750,서울특별시 종로구 종로6가 270번지 3호 동대문종합시장D동상가,"서울특별시 종로구 종로 266, 동대문종합시장D동상가  동 (종로6가)",37.5706612,127.0072579,동대문종합시장D동상가,그 밖의 대규모점포,준대규모점포
1,영업/정상,1,정상영업,3660,,서울특별시 종로구 종로44길 14 (창신동),37.5796019,127.0136,동문시장,시장,대규모점포
1,영업/정상,1,정상영업,1655.9,서울특별시 동대문구 답십리동 495-1,서울특별시 동대문구 천호대로 281(답십리동),37.5676276,127.0523096,동부시장,시장,대규모점포
1,영업/정상,1,정상영업,3243,서울특별시 강북구 미아동 701번지 3호 동북프라자,"서울특별시 강북구 솔샘로 233, 동북프라자 (미아동)",37.6201744,127.0186462,동북시장,그 밖의 대규모점포,대규모점포
1,영업/정상,1,정상영업,5023.11,서울특별시 강북구 미아동 701번지 3호 동북프라자,"서울특별시 강북구 솔샘로 233, 동북프라자 (미아동)",37.6201744,127.0186462,동북프라자,그 밖의 대규모점포,대규모점포
1,영업/정상,1,정상영업,1813,서울특별시 동대문구 제기동 650호,,37.57986963,127.041834,동서시장,시장,대규모점포
1,영업/정상,1,정상영업,3620.92,서울특별시 강동구 길동 339번지 1호,서울특별시 강동구 양재대로124길 32 (길동),37.5437591,127.1478317,동서울오네뜨상가,그 밖의 대규모점포,대규모점포
1,영업/정상,1,정상영업,3995.19,서울특별시 광진구 구의동 546번지 1호,서울특별시 광진구 강변역로 50 (구의동),37.5339173,127.0935856,동서울터미널상가,그 밖의 대규모점포,대규모점포
1,영업/정상,1,정상영업,4136,서울특별시 중랑구 신내1동 786번지 동성타워프라자,서울특별시 중랑구 봉화산로 221 (신내동),37.6080528,127.0972794,동성타워프라자,복합쇼핑몰,대규모점포
1,영업/정상,1,정상영업,14370,서울특별시 성북구 돈암동 609번지 1호,서울특별시 성북구 성북로4길 52 (돈암동),37.5948075,127.0103188,동소문스카이상가,시장,대규모점포
1,영업/정상,1,정상영업,0,서울특별시 성북구 돈암동 609번지 1호 스카이프라자상가,"서울특별시 성북구 성북로4길 52 (돈암동, 한신한진아파트)",37.5947663,127.0104379,동소문스카이상가,그 밖의 대규모점포,대규모점포
1,영업/정상,1,정상영업,,서울특별시 성북구 돈암동 609번지 1  호,,37.59452664,127.0113572,동소문스카이프라자,그 밖의 대규모점포,
1,영업/정상,1,정상영업,1558.54,,서울특별시 중랑구 면목로74길 45 (면목동),37.5898356,127.089891,동원,시장,대규모점포
1,영업/정상,1,정상영업,0,서울특별시 마포구 연남동 227번지 15호,서울특별시 마포구 성미산로 198 (연남동),37.5623843,126.9267281,동진시장,시장,
1,영업/정상,1,정상영업,19023.64,,서울특별시 중구 장충단로13길 34 (을지로6가),37.5658242,127.0055315,동화상가,그 밖의 대규모점포,대규모점포
1,영업/정상,1,정상영업,3718.56,,서울특별시 강남구 학동로4길 15 (논현동),37.5105327,127.0235227,동화상가(주),그 밖의 대규모점포,대규모점포
1,영업/정상,1,정상영업,0,서울특별시 강남구 논현동 105번지 7호,"서울특별시 강남구 언주로 726 (논현동, 두산빌딩)",37.5190748,127.0352982,두산아케이드,그 밖의 대규모점포,대규모점포
1,영업/정상,1,정상영업,3003.29,서울특별시 영등포구 대림동 717 대림동 쌍용 플래티넘-S,"서울특별시 영등포구 대림로29길 13 (대림동, 대림동 쌍용 플래티넘-S)",37.4952953,126.8980757,두암상가,그 밖의 대규모점포,대규모점포
1,영업/정상,1,정상영업,,서울특별시 영등포구 대림동 717호,서울특별시 영등포구 대림로29길 13 (대림동),37.4952953,126.8980757,두암종합시장,그 밖의 대규모점포,
1,영업/정상,1,정상영업,15695.63,,서울특별시 중구 장충단로 275 (을지로6가),37.5677844,127.0068849,두타몰,그 밖의 대규모점포,
1,영업/정상,1,정상영업,18815.13,서울특별시 중구 신당동 193번지 2 호,서울특별시 중구 다산로 293 (신당동),37.5691371,127.0147791,디오트,그 밖의 대규모점포,
1,영업/정상,1,정상영업,7281.04,,서울특별시 중구 을지로45길 72 (신당동),37.5674312,127.013141,디자이너크럽,그 밖의 대규모점포,대규모점포
1,영업/정상,1,정상영업,2861,서울특별시 성동구 성수동2가 335번지,서울특별시 성동구 성수이로 32-15 (성수동2가),37.5377999,127.0548196,뚝도시장,시장,
1,영업/정상,1,정상영업,3608.51,서울특별시 관악구 봉천동 862번지 1호,서울특별시 관악구 남부순환로 1820 (봉천동),37.4810253,126.9522074,라붐아울렛,복합쇼핑몰,대규모점포
1,영업/정상,1,정상영업,4495,서울특별시 구로구 구로동 614번지 33호,서울특별시 구로구 구로중앙로 237 (구로동),37.5062348,126.8753398,라이프공구상가,그 밖의 대규모점포,대규모점포
1,영업/정상,1,정상영업,,서울특별시 구로구 구로동 614번지 33  호,,37.50639557,126.8753392,라이프공구종합상가,그 밖의 대규모점포,
1,영업/정상,1,정상영업,,서울특별시 금천구 시흥동 1002번지 1호,서울특별시 금천구 시흥대로47길 43 (시흥동),37.4504215,126.8993776,럭키남서울상가,그 밖의 대규모점포,
1,영업/정상,1,정상영업,10000.33,서울특별시 영등포구 문래동3가 55호,서울특별시 영등포구 당산로 34 (문래동3가),37.5191247,126.8986088,로데오 왁,전문점,대규모점포
1,영업/정상,1,정상영업,191,,"서울특별시 동작구 여의대방로 30, 에이동동 101호 (신대방동, 현대상가)",37.4945424,126.9113669,롯대슈펴 신대방점,그 밖의 대규모점포,준대규모점포
1,영업/정상,1,정상영업,132.23,서울특별시 광진구 구의2동 49번지 4호,서울특별시 광진구 자양로 293 (구의동),37.5519773,127.0921769,롯데 FRESH 아차산점,구분없음,
1,영업/정상,1,정상영업,685.6,서울특별시 성북구 장위동 316번지 3호,서울특별시 성북구 월계로40길 7 (장위동),37.6229347,127.0484606,롯데마이슈퍼 장위점,구분없음,
1,영업/정상,1,정상영업,257,서울특별시 성북구 정릉3동 1034번지,서울특별시 성북구 정릉로 307 (정릉동),37.6032606,127.0183236,롯데마이슈퍼 정릉점,구분없음,
1,영업/정상,1,정상영업,80.49,서울특별시 성북구 하월곡동 62-1,서울특별시 성북구 오패산로4길 17 (하월곡동),37.6042074,127.0387682,롯데마켓 999 하월곡점,구분없음,
1,영업/정상,1,정상영업,80.49,서울특별시 성북구 길음1동 1285번지 7호,서울특별시 성북구 오패산로4길 17 (하월곡동),37.6042074,127.0387682,롯데마켓999 하월곡점,구분없음,
1,영업/정상,1,정상영업,10479,서울특별시 노원구 중계동 517호,"서울특별시 노원구 노원로 330 (중계동, 롯데마트)",37.646548,127.0710901,롯데마트 중계점,대형마트트,
1,영업/정상,1,정상영업,77670,서울특별시 강서구 방화2동 886번지 외6필지,"서울특별시 강서구 하늘길 38 (방화동, 롯데몰 김포공항)",37.5633643,126.8031461,롯데몰 김포공항,쇼핑센터,
1,영업/정상,1,정상영업,57505,서울특별시 은평구 진관동 79번지 15호,"서울특별시 은평구 통일로 1050 (진관동, 롯데몰은평점)",37.6374333,126.917884,롯데몰 은평,쇼핑센터,
1,영업/정상,1,정상영업,26203.17,서울특별시 광진구 자양동 227번지 342호 롯데백화점 스타시티점,서울특별시 광진구 능동로 92 (자양동),37.5325084,127.0644162,롯데백화점 건대스타시티점,백화점,
1,영업/정상,1,정상영업,48227.17,서울특별시 노원구 상계동 713호,서울특별시 노원구 동일로 1414 (상계동),37.6551438,127.0610785,롯데백화점 노원점,백화점,
1,영업/정상,1,정상영업,45651.37,서울특별시 강북구 미아동 70번지 6   호,서울특별시 강북구 도봉로 62 (미아동),37.6142156,127.030526,롯데백화점 미아점,복합쇼핑몰,
1,영업/정상,1,정상영업,59979.25,,서울특별시 중구 남대문로 81 (소공동),37.5637884,126.9800165,롯데백화점 본점,백화점,
1,영업/정상,1,정상영업,31680.32,서울특별시 송파구 신천동 29번지,,37.51286195,127.1017642,롯데백화점 에비뉴엘 월드타워점,백화점,
1,영업/정상,1,정상영업,53086.27,서울특별시 영등포구 영등포동 618번지 496호,,37.51618069,126.9074105,롯데백화점 영등포점,백화점,
1,영업/정상,1,정상영업,72582.24,서울특별시 송파구 잠실동 40번지 1호,서울특별시 송파구 올림픽로 240 (잠실동),37.5079304,127.0861782,롯데백화점 잠실점,백화점,
1,영업/정상,1,정상영업,40346.6,서울특별시 동대문구 전농1동 591번지 53호,서울특별시 동대문구 왕산로 214 (전농동),37.5797474,127.0557043,롯데백화점 청량리역사점,백화점,
1,영업/정상,1,정상영업,26532,서울특별시 강남구 대치동 937호,서울특별시 강남구 도곡로 401 (대치동),37.4970578,127.0535939,롯데백화점(강남점),백화점,
1,영업/정상,1,정상영업,21711.05,서울특별시 관악구 보라매동 729호 22통 롯데백화점,서울특별시  봉천로 209,37.4905387,126.9250502,롯데쇼핑(주) 관악점,백화점,
1,영업/정상,1,정상영업,31618,서울특별시 금천구 독산동 1155 금천롯데캐슬골드파크3차,"서울특별시 금천구 시흥대로 291(독산동, 금천롯데캐슬골드파크3차)",37.4604657,126.8974181,롯데쇼핑(주) 금천 독산점,쇼핑센터,
1,영업/정상,1,정상영업,130.8,서울특별시 동대문구 이문동 324번지 10호,서울특별시 동대문구 이문로 88 (이문동),37.5946676,127.0593392,롯데쇼핑(주) 롯데마켓 999 이문점,복합쇼핑몰,
1,영업/정상,1,정상영업,8319.26,서울특별시 강북구 미아동 1359번지,서울특별시 강북구 삼양로 247 (미아동),37.6255737,127.0177184,롯데쇼핑(주) 롯데마트 삼양점,복합쇼핑몰,
1,영업/정상,1,정상영업,12066.12,"서울특별시 서초구 서초동 1498번지 5호  (영업장 지하1층,지하2층)",,37.49006061,127.0063548,롯데쇼핑(주) 롯데마트 서초점,대형마트,
1,영업/정상,1,정상영업,18016.52,,서울특별시 영등포구 선유로 138 (양평동3가),37.5290356,126.8910476,롯데쇼핑(주) 롯데마트 양평점,대형마트,
1,영업/정상,1,정상영업,6665.89,서울특별시 송파구 신천동 29번지 롯데월드타워앤드롯데월드몰,"서울특별시 송파구 올림픽로 300, 롯데월드타워앤드롯데월드몰 (신천동)",37.513947,127.1049285,롯데쇼핑(주) 롯데마트 월드타워점,대형마트,
1,영업/정상,1,정상영업,191.9,서울특별시 은평구 역촌동 17번지 1호,서울특별시 은평구 진흥로 103 (역촌동),37.6061022,126.9224619,롯데쇼핑(주) 롯데슈퍼 역촌점,그 밖의 대규모점포,
1,영업/정상,1,정상영업,769.5,서울특별시 동대문구 장안동 94번지 27호 외1필지 예신프라자,서울특별시 동대문구 한천로46길 42 (장안동),37.5815123,127.0707096,롯데쇼핑(주) 롯데슈퍼 장안점,구분없음,
1,영업/정상,1,정상영업,1701.2,서울특별시 동대문구 전농동 10번지 외7필지 전농sk아파트 주상가동,"서울특별시 동대문구 사가정로 148 (전농동, SK아파트)",37.5766417,127.060466,롯데쇼핑(주) 롯데슈퍼 전농점,구분없음,
1,영업/정상,1,정상영업,397.7,서울특별시 노원구 공릉동 238번지 53호,"서울특별시 노원구 공릉로 144 (공릉동, 공릉빌딩)",37.6227575,127.0794776,롯데쇼핑(주) 롯데슈퍼공릉점,구분없음,
1,영업/정상,1,정상영업,0,서울특별시 강서구 마곡동 776번지 2호 마곡센트럴대방디엠시티오피스텔,"서울특별시 강서구 양천로 344, 마곡센트럴대방디엠시티오피스텔 121-1,2호 (마곡동)",37.5682963,126.8409671,롯데쇼핑㈜ 마켓999 양천향교역가맹점,구분없음,준대규모점포
1,영업/정상,1,정상영업,8815.59,서울특별시 금천구 가산동 60번지 19호,서울특별시 금천구 벚꽃로 278 (가산동),37.479418,126.8845903,롯데쇼핑(주) 아울렛 가산점,쇼핑센터,대규모점포
1,영업/정상,1,정상영업,12561,서울특별시 금천구 독산동 295번지 10  호 외 5,서울특별시 금천구 두산로 71 (독산동),37.4705934,126.8957132,롯데쇼핑(주) VIC 마켓 금천점,대형마트,
1,영업/정상,1,정상영업,12066.16,서울특별시 영등포구 영등포동8가 62번지 1호,서울특별시 영등포구 영중로 125 (영등포동8가),37.5283544,126.9053409,롯데쇼핑(주) VIC마켓 영등포점,대형마트,
1,영업/정상,1,정상영업,4122,서울특별시 광진구 구의동 546번지 4호,서울특별시 광진구 광나루로56길 85 (구의동),37.5356993,127.095765,롯데쇼핑(주)롯데마트 강변점,대형마트,
1,영업/정상,1,정상영업,17693,서울특별시 송파구 문정동 150번지 2호,서울특별시 송파구 중대로 80 (문정동),37.4917382,127.1177515,롯데쇼핑(주)롯데마트 송파점,대형마트,
1,영업/정상,1,정상영업,11090.62,서울특별시 중구 봉래동2가 122호,서울특별시 중구 청파로 426 (봉래동2가),37.5581657,126.9695878,롯데쇼핑(주)롯데마트 제타플렉스 서울역점,대형마트,
1,영업/정상,1,정상영업,20982,서울특별시 송파구 잠실동 40번지 1호,서울특별시 송파구 올림픽로 240 (잠실동),37.5079304,127.0861782,롯데쇼핑(주)롯데마트 제타플렉스 잠실점,대형마트,
1,영업/정상,1,정상영업,10910.6,서울특별시 동대문구 전농1동 591번지 53호,서울특별시 동대문구 왕산로 214 (전농동),37.5797474,127.0557043,롯데쇼핑(주)롯데마트 청량리점,대형마트,
1,영업/정상,1,정상영업,249.9,서울특별시 서초구 방배본동 755번지 5호,서울특별시 서초구 방배중앙로 198 (방배동),37.4969056,126.9856424,롯데쇼핑(주)롯데슈퍼 방배점,전문점,준대규모점포
1,영업/정상,1,정상영업,847.4,서울특별시 강서구 방화1동 187번지 1호,서울특별시 강서구 방화대로34길 83 (방화동),37.5710264,126.8208379,롯데쇼핑(주)롯데슈퍼 방화점,그 밖의 대규모점포,
1,영업/정상,1,정상영업,263,서울특별시 양천구 신월5동 20번지 28호 외 1필지,"서울특별시 양천구 월정로46길 11 (신월동,외 1필지)",37.5409392,126.8329246,롯데쇼핑(주)롯데슈퍼 신월점,구분없음,
1,영업/정상,1,정상영업,461.2,서울특별시 강서구 내발산동 719번지 6호,서울특별시 강서구 강서로 267 (내발산동),37.549582,126.835921,롯데쇼핑(주)롯데슈퍼 우장산점,그 밖의 대규모점포,
1,영업/정상,1,정상영업,735.3,서울특별시 강서구 방화2동 533번지 9호,서울특별시 양천로6길 15,37.5719972,126.8077268,롯데쇼핑(주)롯데슈퍼개화산점,그 밖의 대규모점포,
1,영업/정상,1,정상영업,282.65,서울특별시 강동구 길동 384번지 1호,서울특별시 강동구 성안로 176 (길동),37.5385306,127.1363743,롯데쇼핑㈜롯데슈퍼길동점,구분없음,
1,영업/정상,1,정상영업,172.8,서울특별시 송파구 방이2동 63번지 11호,서울특별시 송파구 올림픽로32길 20 (방이동),37.5124133,127.1194743,롯데쇼핑(주)롯데슈퍼방이점,구분없음,
1,영업/정상,1,정상영업,1508.4,서울특별시 은평구 불광1동 308번지 1호,서울특별시 은평구 통일로 842 (불광동),37.6186065,126.9218995,롯데쇼핑(주)롯데슈퍼범서점,그 밖의 대규모점포,준대규모점포
1,영업/정상,1,정상영업,105.5,서울특별시 송파구 석촌동 235번지 17호,서울특별시 송파구 백제고분로34길 3 (석촌동),37.505758,127.0979725,롯데쇼핑(주)롯데슈퍼석촌점,구분없음,준대규모점포
1,영업/정상,1,정상영업,693,"서울특별시 송파구 송파2동 121번지 한양2차아파트 1층 6,7호호","서울특별시 송파구 가락로 183, 1층 6,7호 (송파동)",37.5032771,127.1090961,롯데쇼핑(주)롯데슈퍼송파점,구분없음,
1,영업/정상,1,정상영업,648.4,,"서울특별시 중구 다산로 56, 제지2층 제비203호 (신당동, 남산정은스카이아파트)",37.5494486,127.0077871,롯데쇼핑(주)롯데슈퍼신당점,구분없음,
1,영업/정상,1,정상영업,271.6,서울특별시 송파구 잠실2동 19번지 8호,서울특별시 송파구 올림픽로 111 (잠실동),37.5121478,127.0830199,롯데쇼핑(주)롯데슈퍼신천점,구분없음,
1,영업/정상,1,정상영업,643.3,,서울특별시 용산구 백범로 341 (원효로1가),37.5399801,126.967447,롯데쇼핑(주)롯데슈퍼원효로점,구분없음,
1,영업/정상,1,정상영업,288,서울특별시 송파구 잠실3동 35번지 2호,서울특별시 송파구 석촌호수로 61 (잠실동),37.5106414,127.086227,롯데쇼핑(주)롯데슈퍼잠실3동점,구분없음,
1,영업/정상,1,정상영업,203.3,서울특별시 송파구 풍납2동 400번지 5호   101호,서울특별시 송파구 강동대로9길 20 (풍납동),37.5279533,127.1170212,롯데쇼핑(주)롯데슈퍼풍납점,구분없음,
1,영업/정상,1,정상영업,117,서울특별시 강서구 화곡3동 1051번지 27호,서울특별시 강서구 강서로 179 (화곡동),37.5423342,126.8390652,롯데쇼핑(주)롯데슈퍼화곡3동점,그 밖의 대규모점포,준대규모점포
1,영업/정상,1,정상영업,162.4,서울특별시 강서구 화곡1동 343번지 52호,서울특별시 강서구 강서로 43 (화곡동),37.5316218,126.8465384,롯데쇼핑(주)롯데슈퍼화곡점,그 밖의 대규모점포,
1,영업/정상,1,정상영업,13877.55,서울특별시 중구 남대문로2가 123호,서울특별시 중구 남대문로 67 (남대문로2가),37.5657765,126.9828789,롯데쇼핑본점영플라자,백화점,
1,영업/정상,1,정상영업,288.3,서울특별시 서대문구 남가좌동 381 DMC센트레빌,"서울특별시 서대문구 거북골로 120(남가좌동, DMC센트레빌)",37.5760603,126.9155865,롯데슈퍼 남가좌점,구분없음,
1,영업/정상,1,정상영업,177.8,,"서울특별시 강남구 언주로122길 25 (논현동, 두산위브아파트)",37.5144337,127.0243283,롯데슈퍼 논현점,구분없음,준대규모점포
1,영업/정상,1,정상영업,1398.36,서울특별시 영등포구 대림3동 784번지,서울특별시 영등포구 대림로 251 (대림동),37.5033123,126.8958538,롯데슈퍼 대림점,구분없음,
1,영업/정상,1,정상영업,414.5,,서울특별시 마포구 큰우물로 3 (대흥동),37.545398,126.9402351,롯데슈퍼 대흥점,구분없음,
1,영업/정상,1,정상영업,503.8,,"서울특별시 강남구 언주로 123 (도곡동, 개포한신아파트)",37.4868514,127.0487982,롯데슈퍼 도곡점,구분없음,준대규모점포
1,영업/정상,1,정상영업,1561.5,서울특별시 마포구 구수동 61번지,서울특별시 마포구 토정로 193 (구수동),37.5464075,126.9378199,롯데슈퍼 마포점,그 밖의 대규모점포,
1,영업/정상,1,정상영업,496,서울특별시 양천구 목5동 903번지 목동3단지아파트 관리동상가 105호,"서울특별시 양천구 목동서로 100, 105호 (목동,목동3단지아파트 관리동상가)",37.5344813,126.871953,롯데슈퍼 목동2점,구분없음,
1,영업/정상,1,정상영업,1049.58,서울특별시 서초구 방배1동 816번지 1호,서울특별시 방배로33길 29,37.4912681,126.9893045,롯데슈퍼 방배2점,대형마트,
1,영업/정상,1,정상영업,844.9,서울특별시 도봉구 방학3동 271번지 2호,서울특별시 도봉구 방학로 223 (방학동),37.6614315,127.0271504,롯데슈퍼 방학점,구분없음,
1,영업/정상,1,정상영업,705.1,서울특별시 도봉구 쌍문2동 19번지,서울특별시 도봉구 도당로 10 (쌍문동),37.6591882,127.0353376,롯데슈퍼 쌍문점,구분없음,
1,영업/정상,1,정상영업,336.2,,서울특별시 강남구 역삼로8길 15 (역삼동),37.4931369,127.0342293,롯데슈퍼 역삼1동점,구분없음,준대규모점포
1,영업/정상,1,정상영업,177.7,,서울특별시 강남구 역삼로 230 (역삼동),37.4968936,127.0419635,롯데슈퍼 역삼2동점,구분없음,준대규모점포
1,영업/정상,1,정상영업,2040,서울특별시 서대문구 홍제동 294번지 46호 유진상가,"서울특별시 서대문구 통일로 484, 유진상가 1층 (홍제동)",37.5915033,126.9429722,롯데슈퍼 유진점,구분없음,
1,영업/정상,1,정상영업,0,서울특별시 서대문구 홍제동 294번지 46호 유진상가,"서울특별시 서대문구 통일로 484, 유진상가 (홍제동)",37.5915033,126.9429722,롯데슈퍼 유진점(X),구분없음,
1,영업/정상,1,정상영업,357,서울특별시 서대문구 창천동 506-20 아륭빌딩,"서울특별시 서대문구 신촌로 13, 아륭빌딩 (창천동)",37.5583127,126.9285301,롯데슈퍼 창천점,구분없음,
1,영업/정상,1,정상영업,294.9,,서울특별시 강남구 봉은사로103길 5 (삼성동),37.5149946,127.0614151,롯데슈퍼 코엑스점,구분없음,
1,영업/정상,1,정상영업,181.89,서울특별시 용산구 한남동 631번지 5호 허준빌딩,"서울특별시 용산구 대사관로34길 26, 허준빌딩 1층 (한남동)",37.5321161,127.0056662,롯데슈퍼 한남점(가맹점),구분없음,준대규모점포
1,영업/정상,1,정상영업,1573,서울특별시 서대문구 홍제동 469번지 인왕산 한신휴플러스,"서울특별시 서대문구 통일로 397, 지4층 (홍제동, 인왕산 한신휴플러스)",37.5854012,126.9470191,롯데슈퍼 홍제2점,구분없음,
1,영업/정상,1,정상영업,80.49,서울특별시 성북구 월곡1동 62번지 1호,,37.60419741,127.0389117,롯데슈퍼하월곡점,,준대규모점포
1,영업/정상,1,정상영업,11576.19,서울특별시 중구 봉래동2가 122번지 11호,서울특별시 중구 한강대로 405 (봉래동2가),37.5562878,126.9694414,롯데아울렛 서울역점,쇼핑센터,대규모점포
1,영업/정상,1,정상영업,11576.19,서울특별시 중구 봉래동2가 120번지 11호,서울특별시 중구 한강대로 405 (봉래동2가),37.5562878,126.9694414,롯데아울렛 서울역점,쇼핑센터,대규모점포
1,영업/정상,1,정상영업,52792.2,서울특별시 송파구 신천동 29번지,서울특별시 송파구 올림픽로 300 (신천동),37.5131008,127.1034334,롯데월드몰,쇼핑센터,대규모점포
1,영업/정상,1,정상영업,11464,서울특별시 금천구 독산동 1150번지 금천롯데캐슬골드파크2차,"서울특별시 금천구 벚꽃로 30 (독산동, 금천롯데캐슬골드파크2차)",37.4579752,126.8943466,롯데캐슬 골드파크 2차 마르쉐도르,그 밖의 대규모점포,대규모점포
1,영업/정상,1,정상영업,4288,서울특별시 금천구 독산동 1156번지 금천롯데캐슬골드파크4차,"서울특별시 금천구 시흥대로 315, 금천롯데캐슬골드파크4차 (독산동)",37.4610938,126.8967995,롯데캐슬 골드파크 4차 마르쉐도르 960,그 밖의 대규모점포,대규모점포
1,영업/정상,1,정상영업,13400,서울특별시 송파구 신천동 7번지 18호,서울특별시 송파구 올림픽로 269 (신천동),37.5144538,127.1007352,롯데캐슬플라자,쇼핑센터,
1,영업/정상,1,정상영업,197.7,서울특별시 도봉구 창1동 651번지 36호,서울특별시 도봉구 도봉로110길 65 (창동),37.6464676,127.037133,롯데프레쉬 창동점,구분없음,
1,영업/정상,1,정상영업,121.7,서울특별시 용산구 남영동 93번지 30호,서울특별시 한강대로77길 12,37.5422174,126.9718652,롯데프레시 갈월점,구분없음,
1,영업/정상,1,정상영업,240.66,서울특별시 양천구 신정동 1290-4 대우미래사랑5차아파트,"서울특별시 양천구 신정로13길 3, 대우미래사랑5차아파트 103~105호 (신정동)",37.5097968,126.8432579,롯데프레시 신정점,그 밖의 대규모점포,준대규모점포
1,영업/정상,1,정상영업,178.5,서울특별시 서대문구 홍은동 400-12,서울특별시 서대문구 가좌로 99(홍은동),37.5815838,126.9265271,롯데프레시 홍은점,구분없음,
1,영업/정상,5,영업개시전,182,서울특별시 송파구 가락동 191-5,서울특별시 송파구 동남로20길 24 (가락동),37.4954097,127.1344751,롯데프레시송파가락가맹점,구분없음,준대규모점포
1,영업/정상,1,정상영업,1150.47,서울특별시 중랑구 신내동 646 금강리빙스텔,"서울특별시 중랑구 신내로 211, 금강리빙스텔 비01호 (신내동)",37.6163253,127.0926776,롯데프레시앤델리 봉화산역점,그 밖의 대규모점포,
1,영업/정상,1,정상영업,1335.9,,"서울특별시 마포구 마포대로 109 (공덕동, 롯데캐슬프레지던트)",37.5486019,126.9588345,롯데프리미엄푸드마켓 공덕점,구분없음,
1,영업/정상,1,정상영업,4507.29,서울특별시 송파구 신천동 29번지,서울특별시 송파구 올림픽로 300-0 (신천동),37.5131008,127.1034334,롯데하이마트 월드타워점,전문점,대규모점포
1,영업/정상,1,정상영업,3493.73,서울특별시 송파구 잠실3동 40번지 1호 롯데월드,서울특별시 송파구 올림픽로 240 (잠실동),37.5079304,127.0861782,롯데하이마트잠실점,전문점,대규모점포
1,영업/정상,1,정상영업,9563.3,서울특별시 영등포구 문래동3가 55-16 영등포 SK 리더스뷰,"서울특별시 영등포구 문래로 164, 영등포 SK 리더스뷰 (문래동3가)",37.5176027,126.8999775,룩스쇼핑센터,전문점,대규모점포
1,영업/정상,1,정상영업,6516.61,서울특별시 관악구 신림동 1422번지 5호,서울특별시 관악구 신림로 340 (신림동),37.4847684,126.930087,르네상스쇼핑몰(주),복합쇼핑몰,대규모점포
1,영업/정상,1,정상영업,24253.99,서울특별시 금천구 가산동 60번지 22호,서울특별시 금천구 디지털로 185 (가산동),37.4781885,126.8870913,마리오아울렛 1관,쇼핑센터,
1,영업/정상,1,정상영업,32887.19,서울특별시 금천구 가산동 60번지 20호,서울특별시 금천구 벚꽃로 266 (가산동),37.4784556,126.8850161,마리오아울렛 3관,쇼핑센터,
1,영업/정상,1,정상영업,25910,서울특별시 성동구 마장동 510번지 3호 일대,"서울특별시 성동구 마장로31길 40 (마장동,일대)",37.5697429,127.0384113,마장축산물시장,시장,
1,영업/정상,1,정상영업,3871,서울특별시 송파구 마천동 140번지 2호,서울특별시 송파구 마천로45길 23 (마천동),37.5025139,127.1455404,마천시장,그 밖의 대규모점포,대규모점포
1,영업/정상,1,정상영업,12337.24,서울특별시 마포구 성산동 533번지 1호,서울특별시 마포구 월드컵로 235 (성산동),37.5656178,126.9046897,마포농수산물시장,시장,
1,영업/정상,1,정상영업,1689,서울특별시 마포구 공덕동 256번지 5호 마포시장,"서울특별시 마포구 마포대로6길 16, 마포시장 (공덕동)",37.5451854,126.9534338,마포시장,시장,대규모점포
1,영업/정상,1,정상영업,3992,서울특별시 마포구 창전동 442번지,서울특별시 마포구 창전로 45 (창전동),37.5465933,126.9318228,마포종합시장(서강한화오벨리스크),그 밖의 대규모점포,대규모점포
1,영업/정상,1,정상영업,1209.2,서울특별시 용산구 서계동 260번지 1호,서울특별시 용산구 효창원로 270 (서계동),37.5518366,126.963002,만리시장,시장,대규모점포
1,영업/정상,1,정상영업,17758.45,서울특별시 중구 신당1동 773번지,서울특별시 중구 마장로 3 (신당동),37.5688228,127.0105633,맥스타일,전문점,
1,영업/정상,1,정상영업,5042.9,서울특별시 은평구 불광동 311번지 13호,서울특별시 은평구 통일로 856 (불광동),37.6196342,126.9214784,메트로,쇼핑센터,대규모점포
1,영업/정상,1,정상영업,1100,서울특별시 서대문구 남가좌동 290번지 2   호,서울특별시 서대문구 수색로2길 45 (남가좌동),37.5696837,126.9160986,모래내시장(주),시장,
1,영업/정상,1,정상영업,3014,서울특별시 양천구 목동 739번지 1호,서울특별시 양천구 목동중앙본로7길 45 (목동),37.5391528,126.8663388,목동시장아울렛,그 밖의 대규모점포,대규모점포
1,영업/정상,1,정상영업,2734.89,서울특별시 양천구 목동 966번지 목동에버하임,"서울특별시 양천구 목동중앙북로 68 (목동, 목동에버하임)",37.5465877,126.870688,목동에버하임,그 밖의 대규모점포,대규모점포
1,영업/정상,5,영업개시전,2734.89,서울특별시 양천구 목동 966번지 목동에버하임,"서울특별시 양천구 목동중앙북로 68 (목동, 목동에버하임)",37.5465877,126.870688,목동에버하임,그 밖의 대규모점포,대규모점포
1,영업/정상,1,정상영업,5408,서울특별시 서초구 서초2동 1332번지 2호,서울특별시 서초구 사임당로 151 (서초동),37.4923671,127.0258472,무지개쇼핑,그 밖의 대규모점포,대규모점포
1,영업/정상,1,정상영업,4516,서울특별시 서초구 서초동 1335번지,"서울특별시 서초구 효령로 391 (서초동, 무지개아파트)",37.4879705,127.0264875,무지개종합상가,그 밖의 대규모점포,대규모점포
1,영업/정상,1,정상영업,,서울특별시 성북구 하월곡동 88번지 345호,,37.60811241,127.0305925,미아시장,그 밖의 대규모점포,
1,영업/정상,1,정상영업,730.7,,서울특별시 강남구 선릉로 660 (삼성동),37.513975,127.0561274,밀구루 삼성점,구분없음,준대규모점포
1,영업/정상,1,정상영업,17736.37,서울특별시 중구 을지로6가 18번지 185호,서울특별시 중구 장충단로 263 (을지로6가),37.5677844,127.0068849,밀리오레,그 밖의 대규모점포,대규모점포
1,영업/정상,1,정상영업,2803,,서울특별시 서초구 신반포로3길 8 (반포동),37.5021022,126.9869475,반포프라자,그 밖의 대규모점포,대규모점포
1,영업/정상,1,정상영업,2803,,서울특별시 서초구 신반포로3길 8 (반포동),37.5021022,126.9869475,반포프라자,그 밖의 대규모점포,대규모점포
1,영업/정상,1,정상영업,3080,,서울특별시 서초구 방배천로16길 18 (방배동),37.481982,126.9837482,방배종합시장,그 밖의 대규모점포,대규모점포
1,영업/정상,1,정상영업,18500,,서울특별시 중구 동호로37길 20 (방산동),37.5690592,127.0050104,방산종합시장,그 밖의 대규모점포,
1,영업/정상,1,정상영업,,서울특별시 성북구 장위동 301호,,37.62143451,127.0479458,번동시장,그 밖의 대규모점포,
1,영업/정상,1,정상영업,6172.36,서울특별시 은평구 불광동 308번지 1   호,서울특별시 은평구 통일로 842 (불광동),37.6186065,126.9218995,범서쇼핑,쇼핑센터,대규모점포
1,영업/정상,1,정상영업,27653.82,서울특별시 중구 황학동 2545번지,서울특별시 중구 청계천로 400 (황학동),37.5666849,127.020161,베네치아메가몰,그 밖의 대규모점포,대규모점포
1,영업/정상,1,정상영업,3824.55,서울특별시 동대문구 회기동 346번지 18호,서울특별시 동대문구  이문로  37 (회기동),37.5933601,127.0526221,베라체캠퍼스 에비뉴,그 밖의 대규모점포,
1,영업/정상,1,정상영업,2688.42,서울특별시 용산구 보광동 260번지 8호,서울특별시 용산구 보광로 30 (보광동),37.5272125,127.0002842,보광시장,시장,
1,영업/정상,1,정상영업,,서울특별시 성북구 보문동4가 1번지 1   호,,37.58421132,127.0203536,보문시장,그 밖의 대규모점포,
1,영업/정상,1,정상영업,3006,,서울특별시 성북구 인촌로2길 37 (보문동4가),37.5834623,127.0208898,보문시장(주),시장,대규모점포
1,영업/정상,1,정상영업,,서울특별시 관악구 봉천동 951번지 25호,,37.48580103,126.9385022,봉일시장,그 밖의 대규모점포,
1,영업/정상,1,정상영업,1714,서울특별시 관악구 봉천동 502번지 4호,서울특별시 관악구 양녕로 49 (봉천동),37.4862425,126.9466048,봉천현대시장,시장,대규모점포
1,영업/정상,1,정상영업,2651,서울특별시 강북구 번1동 413번지 3호,서울특별시 강북구 한천로123길 26 (번동),37.6362361,127.0303452,북부시장,시장,대규모점포
1,영업/정상,1,정상영업,,서울특별시 은평구 불광동 248호,서울특별시 은평구 통일로 780 (불광동),37.6149286,126.9283096,불광미성상가,그 밖의 대규모점포,
1,영업/정상,1,정상영업,13762.35,서울특별시 동대문구 제기동 1140번지 5호,서울특별시 동대문구 왕산로 117 (제기동),37.5785227,127.0365106,불로장생타워,전문점,대규모점포
1,영업/정상,1,정상영업,3393.77,서울특별시 종로구 창신동 23번지 76호 브라운스톤 창신,"서울특별시 종로구 지봉로 81 (창신동, 브라운스톤 창신)",37.579369,127.015299,브라운스톤 창신상가,그 밖의 대규모점포,준대규모점포
1,영업/정상,1,정상영업,,서울특별시 구로구 구로동 685번지 140호,서울특별시 구로구 구일로10길 93 (구로동),37.4958743,126.8769872,사모아종합상가,그 밖의 대규모점포,
1,영업/정상,1,정상영업,2762,서울특별시 구로구 구로동 685번지 140호,서울특별시 구로구 구일로10길 93 (구로동),37.4958743,126.8769872,사모아종합상가,그 밖의 대규모점포,대규모점포
영업상태코드,영업상태명,상세영업상태코드,상세영업상태명,소재지면적,지번주소,도로명주소,Latitude,Longitude,사업장명,업태구분명,점포구분명
1,영업/정상,1,정상영업,,서울특별시 영등포구 영등포동5가 20호,,37.52005831,126.9058984,삼구시장,그 밖의 대규모점포,
1,영업/정상,1,정상영업,0,서울특별시 강남구 삼성2동 121번지 38호,서울특별시 강남구 삼성로103길 12 (삼성동),37.5103886,127.053406,삼성동 신도브래뉴 주상복합 상가,그 밖의 대규모점포,대규모점포
1,영업/정상,BBBB,,26776.55,서울특별시 금천구 독산동 291번지 7호,서울특별시 금천구 시흥대로 391 (독산동),37.4686843,126.8968983,삼성테스코(주)홈플러스 금천점,대형마트,
1,영업/정상,1,정상영업,5648.26,서울특별시 도봉구 창동 581번지 28호,서울특별시 도봉구 덕릉로57길 30 (창동),37.6400804,127.0372806,삼익쇼핑,그 밖의 대규모점포,대규모점포
1,영업/정상,1,정상영업,4389,서울특별시 구로구 오류동 47번지 1호,서울특별시 구로구 경인로 192 (오류동),37.4903637,126.8389702,삼익쇼핑센타,쇼핑센터,대규모점포
1,영업/정상,1,정상영업,3583,서울특별시 성북구 장위동 60번지 1호,,37.6133438,127.0576555,삼익아파트상가,그 밖의 대규모점포,
1,영업/정상,1,정상영업,13793.3,,서울특별시 중구 남대문시장8길 7 (남창동),37.5601647,126.9789791,삼익패션타운,그 밖의 대규모점포,대규모점포
1,영업/정상,1,정상영업,5163.3,서울특별시 강서구 방화동 567번지 4호,서울특별시 강서구 방화동로 126 (방화동),37.5719747,126.8119244,삼정프라자,그 밖의 대규모점포,대규모점포
1,영업/정상,1,정상영업,7863.67,서울특별시 노원구 상계동 173번지,서울특별시 노원구 한글비석로 396 (상계동),37.6614765,127.0728242,상계역전종합상가,쇼핑센터,
1,영업/정상,1,정상영업,9578,,서울특별시 중구 삼일대로 363 (장교동),37.5674499,126.9869866,상제리제상가,그 밖의 대규모점포,대규모점포
1,영업/정상,1,정상영업,,서울특별시 성북구 석관동 338번지 18호,,37.6082893,127.0527223,새석관시장,그 밖의 대규모점포,
1,영업/정상,1,정상영업,0,서울특별시 마포구 서교동 357번지 1호,서울특별시 마포구 홍익로3길 20 (서교동),37.5535217,126.9216737,서교시장,시장,
1,영업/정상,1,정상영업,3003.51,서울특별시 은평구 역촌동 31번지 6호,서울특별시 은평구 진흥로1길 28 (역촌동),37.602978,126.9207655,서부종합시장,그 밖의 대규모점포,
1,영업/정상,1,정상영업,27535,서울특별시 구로구 구로동 604번지 1호,서울특별시 구로구 구로중앙로 198 (구로동),37.5032137,126.8778988,서울구로기계공구상가,그 밖의 대규모점포,대규모점포
1,영업/정상,1,정상영업,,서울특별시 구로구 구로동 604번지 1   호,,37.50246366,126.8784332,서울구로기계공구상가,그 밖의 대규모점포,
1,영업/정상,1,정상영업,53845.06,서울특별시 중구 남창동 49번지,서울특별시 중구 남대문시장4길 21 (남창동),37.5593928,126.97796,서울남대문시장,그 밖의 대규모점포,대규모점포
1,영업/정상,1,정상영업,14330,,서울특별시 중구 퇴계로85길 22 (황학동),37.57029,127.0186791,서울중앙시장,그 밖의 대규모점포,대규모점포
1,영업/정상,1,정상영업,7377.08,서울특별시 동대문구 신설동 109번지 5호,,37.57192105,127.0241452,서울특별시장,그 밖의 대규모점포,
1,영업/정상,1,정상영업,2448,서울특별시 동대문구 신설동 109번지 5호,서울특별시 동대문구 천호대로4길 21 (신설동),37.5778508,127.0259454,서울풍물시장,그 밖의 대규모점포,
1,영업/정상,1,정상영업,1850,,서울특별시 서대문구 수색로2길 47 (남가좌동),37.5696837,126.9160986,서중시장,시장,대규모점포
1,영업/정상,1,정상영업,2008,,서울특별시 서초구 고무래로 90-7 (서초동),37.4999482,127.0174429,서초쇼핑,그 밖의 대규모점포,대규모점포
1,영업/정상,1,정상영업,0,,서울특별시 성북구 돌곶이로22가길 27 (석관동),37.6091913,127.0602942,석관시장,시장,대규모점포
1,영업/정상,1,정상영업,,서울특별시 성북구 석관동 270호,,37.60894339,127.0603079,석관시장,그 밖의 대규모점포,
1,영업/정상,1,정상영업,1918,서울특별시 성북구 석관동 279번지 39호,서울특별시 성북구 한천로73길 26 (석관동),37.6097342,127.0620028,석관황금시장,시장,대규모점포
1,영업/정상,1,정상영업,3613.39,,서울특별시 중구 명동8가길 27 (충무로2가),37.5620144,126.9864994,선싸인,그 밖의 대규모점포,대규모점포
1,영업/정상,1,정상영업,37901.41,서울특별시 용산구 한강로2가 15번지 14호,"서울특별시 용산구 새창로 181 (한강로2가, 선인상가)",37.5311678,126.9678516,선인상가,전문점,
1,영업/정상,1,정상영업,6373,서울특별시 동작구 상도동 324번지 1호,"서울특별시 동작구 상도로 102 (상도동, 성대시장)",37.500166,126.931578,성대종합시장,그 밖의 대규모점포,대규모점포
1,영업/정상,1,정상영업,7717.09,서울특별시 성동구 왕십리도선동 69번지,서울특별시 성동구 무학로6길 50 (도선동),37.5643927,127.0349365,성동삼성쉐르빌상가,그 밖의 대규모점포,대규모점포
1,영업/정상,1,정상영업,0,서울특별시 성동구 용답동 49번지 5호,,37.56364934,127.0533218,성동용답상가시장,시장,대규모점포
1,영업/정상,1,정상영업,3060.29,서울특별시 마포구 망원2동 517번지,서울특별시 마포구 월드컵로25길 26 (망원동),37.5584893,126.9063026,성산프라자(마포영화블렌하임),그 밖의 대규모점포,대규모점포
1,영업/정상,1,정상영업,8390.2,서울특별시 종로구 인의동 112번지 2호,서울특별시 종로구 창경궁로 109 (인의동),37.5723431,126.9976925,세운스퀘어,그 밖의 대규모점포,
1,영업/정상,1,정상영업,10209,서울특별시 노원구 하계동 284번지 2호,"서울특별시 노원구 한글비석로 57 (하계동, 세이브존)",37.6378658,127.068707,세이브존,그 밖의 대규모점포,
1,영업/정상,1,정상영업,8767.97,서울특별시 중구 남대문로2가 9-1,,37.56466475,126.9828804,센터포인트 명동,쇼핑센터,
1,영업/정상,1,정상영업,7961,서울특별시 송파구 마천동 181호,서울특별시 송파구 마천로 315 (마천동),37.4941204,127.1547704,송파쇼핑센타,그 밖의 대규모점포,
1,영업/정상,1,정상영업,3378.74,서울특별시 강서구 내발산동 719번지 6호,서울특별시 강서구 강서로 267 (내발산동),37.549582,126.835921,송화시장,그 밖의 대규모점포,대규모점포
1,영업/정상,1,정상영업,0,서울특별시 강남구 일원동 711번지 1호,"서울특별시 강남구 양재대로55길 6 (일원동, 도시개발아파트)",37.4909601,127.0899157,수서1-2단지상가,그 밖의 대규모점포,대규모점포
1,영업/정상,1,정상영업,1698.5,서울특별시 강북구 수유동 405번지 5호,서울특별시 강북구 삼양로91길 11-12 (수유동),37.6362167,127.0161338,수유북부시장,그 밖의 대규모점포,대규모점포
1,영업/정상,1,정상영업,5301.07,서울특별시 강북구 수유동 54번지 5호 수유시장,"서울특별시 강북구 도봉로67길 18, 수유시장 (수유동)",37.6307808,127.0229483,수유시장,그 밖의 대규모점포,대규모점포
1,영업/정상,1,정상영업,3634.6,서울특별시 강북구 수유동 32번지 2호 수유중앙시장,"서울특별시 강북구 노해로17길 21, 수유중앙시장 (수유동)",37.6403461,127.0213277,수유중앙시장,그 밖의 대규모점포,대규모점포
1,영업/정상,1,정상영업,0,서울특별시 강북구 수유동 63번지,서울특별시 강북구 도봉로 261 (수유동),37.6316962,127.0234508,수유프라자,그 밖의 대규모점포,대규모점포
1,영업/정상,1,정상영업,4239.91,서울특별시 강북구 수유동 63번지,"서울특별시 강북구 도봉로 261 (수유동, 삼호아파트,수유프라자)",37.6316665,127.0234632,수유프라자,복합쇼핑몰,대규모점포
1,영업/정상,1,정상영업,,서울특별시 은평구 수색동 205번지 21  호,,37.58254927,126.8951975,수일시장,그 밖의 대규모점포,
1,영업/정상,1,정상영업,6020.32,서울특별시 중구 남창동 51번지 1호,,37.55952568,126.9762719,숭례문상가,그 밖의 대규모점포,대규모점포
1,영업/정상,1,정상영업,9258,서울특별시 강북구 미아동 58호,서울특별시 강북구 도봉로 45 (미아동),37.6131603,127.0295164,숭인시장,그 밖의 대규모점포,대규모점포
1,영업/정상,1,정상영업,6884.25,서울특별시 마포구 동교동 166번지 14호,서울특별시 마포구 양화로 176 (동교동),37.5574298,126.9272197,스타피카소 아울렛,전문점,
1,영업/정상,1,정상영업,3563,서울특별시 강서구 염창동 264번지 18호,서울특별시 강서구 공항대로71길 49 (염창동),37.549493,126.8728234,스페이스프라자,그 밖의 대규모점포,대규모점포
1,영업/정상,1,정상영업,15648.38,서울특별시 금천구 독산동 291번지 5호,서울특별시 금천구 시흥대로 399 (독산동),37.469407,126.8974528,시티렉스,쇼핑센터,대규모점포
1,영업/정상,1,정상영업,,서울특별시 금천구 시흥동 984번지 6호,서울특별시 금천구 시흥대로 109 (시흥동),37.4439893,126.9034315,시흥산업용재유통센타,그 밖의 대규모점포,
1,영업/정상,1,정상영업,98983,서울특별시 금천구 시흥동 984번지,"서울특별시 금천구 시흥대로 97 (시흥동, 시흥유통상가)",37.4431935,126.9034573,시흥산업용재유통센터,그 밖의 대규모점포,대규모점포
1,영업/정상,BBBB,,2063,서울특별시 금천구 시흥동 831번지 6호,서울특별시 금천구 금하로 705 (시흥동),37.4516288,126.9083764,시흥중앙시장,그 밖의 대규모점포,
1,영업/정상,1,정상영업,0,서울특별시 금천구 시흥동 966호,서울특별시 금천구 시흥대로 46 (시흥동),37.4378851,126.9037259,시흥중앙철재상가,그 밖의 대규모점포,대규모점포
1,영업/정상,1,정상영업,45744,서울특별시 구로구 구로동 3번지 25호 외 31필지,"서울특별시 구로구 새말로 97 (구로동,외 31필지)",37.5069735,126.8903193,신도림 테크노마트,그 밖의 대규모점포,대규모점포
1,영업/정상,1,정상영업,,서울특별시 영등포구 신길동 259호,,37.50609344,126.9096652,신동시장,그 밖의 대규모점포,
1,영업/정상,1,정상영업,3327.67,서울특별시 용산구 용산동6가 69번지 167호,서울특별시 용산구 이촌로 352 (용산동6가),37.5186337,126.9848172,신동아 쇼핑센터,쇼핑센터,
1,영업/정상,1,정상영업,7470.17,서울특별시 용산구 용산동6가 69-167 신동아쇼핑,"서울특별시 용산구 이촌로 352, 신동아쇼핑 (용산동6가)",37.5173454,126.985164,신동아쇼핑센터,복합쇼핑몰,
1,영업/정상,1,정상영업,1932,,서울특별시 서초구 사임당로 130 (서초동),37.4904444,127.0245312,신동아종합상가,그 밖의 대규모점포,대규모점포
1,영업/정상,1,정상영업,2775.53,서울특별시 도봉구 방학동 271번지 2호,서울특별시 도봉구 방학로 223 (방학동),37.6614315,127.0271504,신동아프라자,그 밖의 대규모점포,대규모점포
1,영업/정상,1,정상영업,0,,서울특별시 관악구 조원로16길 27 (신림동),37.4832099,126.9114275,신림중앙시장,시장,대규모점포
1,영업/정상,1,정상영업,2072,서울특별시 관악구 신림동 1694호,서울특별시 관악구 신림로29길 8 (신림동),37.4751021,126.9324828,신림현대종합상가,시장,대규모점포
1,영업/정상,1,정상영업,9564,,서울특별시 서초구 신반포로15길 29 (반포동),37.5054206,126.9945515,신반포종합시장,그 밖의 대규모점포,대규모점포
1,영업/정상,1,정상영업,2059,서울특별시 강남구 압구정동 454호,서울특별시 강남구 압구정로29길 72-1 (압구정동),37.5322852,127.0283977,신사상가,그 밖의 대규모점포,대규모점포
1,영업/정상,1,정상영업,3138,,서울특별시 서초구 나루터로 37 (잠원동),37.5161592,127.0147093,신사쇼핑,그 밖의 대규모점포,대규모점포
1,영업/정상,1,정상영업,1313,서울특별시 종로구 숭인동 206-9 신설종합시장 숭인동,"서울특별시 종로구 난계로27길 51, 신설종합시장 숭인동 (숭인동)",37.5726683,127.020345,신설종합시장,시장,대규모점포
1,영업/정상,1,정상영업,1313,서울특별시 종로구 숭인동 206-9 신설종합시장,"서울특별시 종로구 난계로27길 51, 신설종합시장 (숭인동)",37.5726683,127.020345,신설종합시장(주),그 밖의 대규모점포,대규모점포
1,영업/정상,1,정상영업,1137.92,서울특별시 광진구 중곡동 79번지 13호,서울특별시 광진구 영화사로 12 (중곡동),37.558024,127.0886656,신성종합시장,그 밖의 대규모점포,대규모점포
1,영업/정상,BBBB,,8659.77,서울특별시 강동구 명일동 46번지 4호,,37.55459563,127.1560246,신세계 이마트 명일점,대형마트,
1,영업/정상,1,정상영업,3536.87,서울특별시 영등포구 여의도동 47번지 여의도자이(아) 지하 1층,"서울특별시 영등포구 여의동로3길 10 (여의도동,여의도자이(아) 지하 1층)",37.5180719,126.9259554,신세계 이마트 여의도점,대형마트,
1,영업/정상,1,정상영업,56336.98,서울특별시 중구 충무로1가 52번지 5호 신세계백화점건물,"서울특별시 중구 소공로 63 (충무로1가,신세계백화점건물)",37.5611699,126.9825162,신세계백화점,백화점,
1,영업/정상,1,정상영업,60945.95,서울특별시 서초구 반포동 19번지 3호,서울특별시 서초구 신반포로 176 (반포동),37.5041299,127.0030692,신세계백화점 강남점,백화점,
1,영업/정상,1,정상영업,12585.13,서울특별시 중구 회현동1가 204번지 메사빌딩,"서울특별시 중구 남대문시장10길 2 (회현동1가,메사빌딩)",37.5603767,126.9796171,신세계백화점메사점,쇼핑센터,
1,영업/정상,1,정상영업,10006,서울특별시 성북구 길음동 25번지 2호,,37.61080204,127.0298971,신세계이마트미아점,대형마트,
1,영업/정상,1,정상영업,1092.16,서울특별시 마포구 신수동 288번지 1호,서울특별시 마포구 토정로17길 17 (신수동),37.5454302,126.9355727,신수시장,시장,대규모점포
1,영업/정상,1,정상영업,3246.51,,서울특별시 강남구 도산대로85길 30 (청담동),37.5264323,127.0496672,신원아침도시마인상가,그 밖의 대규모점포,대규모점포
1,영업/정상,1,정상영업,3143.65,서울특별시 양천구 신정동 201번지 1호,서울특별시 양천구 목동남로4길 2 (신정동),37.5082569,126.8645491,신정동세양청마루2차상가,그 밖의 대규모점포,
1,영업/정상,1,정상영업,13436.59,서울특별시 서대문구 신촌동 74번지 12  호,서울특별시 서대문구 신촌역로 30 (신촌동),37.5597943,126.9419176,신촌 밀리오레,그 밖의 대규모점포,
1,영업/정상,1,정상영업,3636.42,서울특별시 양천구 목3동 960번지,서울특별시 양천구 목동중앙북로 7 (목동),37.5490258,126.8644851,신한이모르젠상가,그 밖의 대규모점포,대규모점포
1,영업/정상,1,정상영업,3719.38,서울특별시 송파구 가락2동 140번지,서울특별시 송파구 동남로 189 (가락동),37.4955425,127.128118,쌍용프라자 상가,그 밖의 대규모점포,대규모점포
1,영업/정상,1,정상영업,8838.98,서울특별시 영등포구 대림1동 909번지 2호,서울특별시 영등포구 신길로 41 (대림동),37.496457,126.9080686,썬프라자,쇼핑센터,대규모점포
1,영업/정상,1,정상영업,1524.6,서울특별시 강서구 화곡4동 830번지 1호,서울특별시 강서구 등촌로5길 80 (화곡동),37.5330599,126.8589624,씨에스유통 (롯데슈퍼화곡2점),그 밖의 대규모점포,
1,영업/정상,1,정상영업,37286,서울특별시 영등포구 여의도동 23번지,서울특별시 영등포구 국제금융로 10 (여의도동),37.5249782,126.9252984,아이에프씨몰(IFC Mall),복합쇼핑몰,대규모점포
1,영업/정상,1,정상영업,17898.53,서울특별시 용산구 한강로3가 40번지 999호,서울특별시 용산구 한강대로23길 55 (한강로3가),37.5255338,126.9647072,아이파크(I PARK)백화점,백화점,
1,영업/정상,1,정상영업,106290.33,서울특별시 용산구 한강로3가 40번지 999호,서울특별시 용산구 한강대로23길 55 (한강로3가),37.5255338,126.9647072,아이파크몰(I PARK MALL),쇼핑센터,
1,영업/정상,1,정상영업,12645.92,"서울특별시 강남구 도곡2동 467번지 7호 아카데미스위트 에이동B101,B102,B201","서울특별시 강남구 남부순환로 2804 (도곡동, 아카데미스위트)",37.4885906,127.0452757,아카데미프라자,그 밖의 대규모점포,대규모점포
1,영업/정상,1,정상영업,6973,,서울특별시 서초구 서초중앙로 188 (서초동),37.4981989,127.0133145,아크로비스타 아케이드,그 밖의 대규모점포,대규모점포
1,영업/정상,1,정상영업,4448,,서울특별시 중구 마장로1길 28 (신당동),37.5691574,127.0129108,아트프라자,그 밖의 대규모점포,대규모점포
1,영업/정상,1,정상영업,,서울특별시 영등포구 양평동1가 30호,서울특별시 영등포구 선유동1로 5 (양평동1가),37.5253177,126.892597,양남시장,그 밖의 대규모점포,
1,영업/정상,1,정상영업,,서울특별시 은평구 응암동 300번지 11 호,,37.58750894,126.917549,양지시장,그 밖의 대규모점포,
1,영업/정상,BBBB,,0,서울특별시 강동구 암사3동 451번지 16호,,37.55542987,127.1372226,양지종합시장,시장,대규모점포
1,영업/정상,1,정상영업,2771,서울특별시 송파구 석촌동 277번지 2호,서울특별시 송파구 가락로 103 (석촌동),37.5014895,127.1075548,엄마손상가,그 밖의 대규모점포,대규모점포
1,영업/정상,1,정상영업,9067.72,서울특별시 중구 신당동 193번지 3호,서울특별시 중구 마장로 40 (신당동),37.567849,127.0142935,에이피엠패션몰,그 밖의 대규모점포,대규모점포
1,영업/정상,1,정상영업,9272.66,,"서울특별시 중구 을지로 276 (을지로7가, apMPLACE)",37.5652675,127.0084174,에이피엠플레이스,쇼핑센터,대규모점포
1,영업/정상,1,정상영업,16972.65,서울특별시 은평구 대조동 240호,서울특별시 은평구 불광로 20 (대조동),37.609721,126.9290038,엔씨백화점 불광점,쇼핑센터,
1,영업/정상,1,정상영업,4950,서울특별시 서초구 반포동 1141번지,서울특별시 서초구 신반포로 23 (반포동),37.501745,126.9871248,엘루체,그 밖의 대규모점포,대규모점포
1,영업/정상,1,정상영업,5835.93,서울특별시 중구 명동2가 31번지 1호,"서울특별시 중구 명동8길 27 (명동2가, 엠 플라자)",37.5625375,126.9851719,엠플라자(M plaza),쇼핑센터,대규모점포
1,영업/정상,1,정상영업,2367.26,서울특별시 은평구 불광동 310번지 131 호,서울특별시 은평구 통일로 850 (불광동),37.6192823,126.9214788,연서시장,그 밖의 대규모점포,대규모점포
1,영업/정상,1,정상영업,12353.04,서울특별시 강북구 미아동 71번지 1호,서울특별시 강북구 도봉로 52 (미아동),37.613701,127.0305142,연이스퀘어,쇼핑센터,대규모점포
1,영업/정상,1,정상영업,3305,서울특별시 서대문구 연희동 131번지 1호,서울특별시 서대문구 연희맛로 23 (연희동),37.5671442,126.9296632,연희슈퍼마켓,시장,대규모점포
1,영업/정상,1,정상영업,0,서울특별시 강남구 논현1동 140번지 외 44필지,"서울특별시 강남구 강남대로124길 22, 3층 301호 (논현동)",37.5091675,127.0245837,영동전통시장,그 밖의 대규모점포,대규모점포
1,영업/정상,1,정상영업,3613.32,서울특별시 영등포구 양평동1가 247 영등포 중흥 S-CLASS,"서울특별시 영등포구 선유서로24길 6 (양평동1가, 영등포 중흥 S-CLASS)",37.5210308,126.8907656,영등포 중흥 에스클래스,그 밖의 대규모점포,대규모점포
1,영업/정상,1,정상영업,41973.81,서울특별시 영등포구 당산동2가 30번지 2호,서울특별시 영등포구 영등포로 109 (당산동2가),37.523262,126.892002,영등포유통상가,그 밖의 대규모점포,
1,영업/정상,1,정상영업,,서울특별시 영등포구 영등포동5가 20호,,37.51870421,126.9054646,영등포지하상가,그 밖의 대규모점포,
1,영업/정상,1,정상영업,6567,서울특별시 영등포구 영등포동5가 18번지 1호,서울특별시 영등포구 영등포로 225 (영등포동5가),37.5210747,126.9066805,영신상가,그 밖의 대규모점포,대규모점포
1,영업/정상,1,정상영업,,서울특별시 영등포구 문래동3가 16호,,37.5161009,126.9006973,영일시장,그 밖의 대규모점포,
1,영업/정상,1,정상영업,0,서울특별시 마포구 서교동 485번지 14호,서울특별시 마포구 동교로12길 21 (서교동),37.5534677,126.9126788,영진시장,시장,
1,영업/정상,1,정상영업,,서울특별시 종로구 서린동 33호,,37.56975981,126.9823784,영풍문고,대형마트,
1,영업/정상,1,정상영업,14133.01,서울특별시 서대문구 대현동 145번지,서울특별시 서대문구 이화여대1길 10 (대현동),37.5576408,126.9449226,예스에이피엠,그 밖의 대규모점포,
1,영업/정상,1,정상영업,,서울특별시 구로구 오류동 38번지 7   호,,37.48959318,126.8855946,오류시장,그 밖의 대규모점포,
1,영업/정상,1,정상영업,1615.8,서울특별시 노원구 상계동 1258 희성오피앙,"서울특별시 노원구 동일로 1701 (상계동, 희성오피앙)",37.6802697,127.0548888,오피앙,그 밖의 대규모점포,대규모점포
1,영업/정상,1,정상영업,8119,서울특별시 중구 신당1동 213번지 8호,서울특별시 중구 마장로1길 22 (신당동),37.5689547,127.0125641,올레오,쇼핑센터,
1,영업/정상,1,정상영업,3004,서울특별시 송파구 오금동 615번지  올림픽파크동부센트레빌 상가,서울특별시 송파구 양재대로72길 5 (오금동),37.5089467,127.1330597,올림픽파크동부센트레빌 상가,그 밖의 대규모점포,대규모점포
1,영업/정상,1,정상영업,10802,서울특별시 송파구 방이동 89번지 11호 프라자상가,서울특별시 송파구 양재대로 1222 (방이동),37.5158257,127.1322182,올림픽프라자상가,그 밖의 대규모점포,대규모점포
1,영업/정상,1,정상영업,9769.24,서울특별시 노원구 상계동 292번지 1호,서울특별시 노원구 노해로 507 (상계동),37.6553388,127.0637614,와우패션클럽,그 밖의 대규모점포,
1,영업/정상,1,정상영업,1250.85,서울특별시 동대문구 용두동 231-5,서울특별시 동대문구 무학로37길 12(용두동),37.5784036,127.02952,용두시장,시장,대규모점포
1,영업/정상,1,정상영업,17084.22,서울특별시 용산구 한강로3가 3-23 나진상가,"서울특별시 용산구 청파로 112, 나진상가 (한강로3가)",37.533273,126.9637112,용산라이프시티피에프브이 주식회사,전문점,
1,영업/정상,1,정상영업,925,,서울특별시 관악구 난곡로26길 4 (신림동),37.4702835,126.9204526,우림시장,그 밖의 대규모점포,대규모점포
1,영업/정상,1,정상영업,2247,서울특별시 양천구 신월동 928번지 1 호,서울특별시 양천구 지양로 78 (신월동),37.522662,126.833615,우성상가시장,시장,대규모점포
1,영업/정상,1,정상영업,1061,,서울특별시 강북구 노해로23길 68 (수유동),37.645987,127.0199691,우이시장,시장,대규모점포
1,영업/정상,1,정상영업,4097.54,서울특별시 중구 흥인동 3번지 4호,서울특별시 중구 다산로 274 (흥인동),37.56731,127.0163823,우일타운,전문점,대규모점포
1,영업/정상,5,영업개시전,41665.56,서울특별시 강서구 마곡동 769-3 마곡역(5호선),"서울특별시 강서구 공항대로 지하163, 마곡역(5호선) (마곡동)",37.5619185,126.826919,원 웨스트 몰,쇼핑센터,
1,영업/정상,1,정상영업,1294,서울특별시 관악구 봉천동 1638번지 20호,서울특별시 관악구 남부순환로248길 35 (봉천동),37.4744061,126.9658885,원당종합시장,그 밖의 대규모점포,대규모점포
1,영업/정상,1,정상영업,8382.6,서울특별시 용산구 원효로3가 51번지 30호,서울특별시 용산구 청파로 77 (원효로3가),37.5345528,126.9574758,원효전자상가,전문점,대규모점포
1,영업/정상,1,정상영업,0,서울특별시 노원구 중계동 364번지 17호 유경데파트,"서울특별시 노원구 한글비석로 232 (중계동, 유경데파트)",37.6484228,127.076924,유경데파트,그 밖의 대규모점포,대규모점포
1,영업/정상,1,정상영업,6606,서울특별시 서대문구 홍제3동 294번지 6호,서울특별시 통일로 484 (유진상가),37.5915033,126.9429722,유진상가,시장,
1,영업/정상,1,정상영업,,서울특별시 금천구 독산동 293번지 5호,서울특별시 금천구 범안로 1209 (독산동),37.4667673,126.8964724,유창상가,그 밖의 대규모점포,
1,영업/정상,1,정상영업,17056,서울특별시 성북구 동선동1가 1번지 2호,서울특별시 성북구 동소문로 106 (동선동1가),37.5923136,127.0182356,유타쇼핑몰,쇼핑센터,대규모점포
1,영업/정상,1,정상영업,649,서울특별시 은평구 응암동 427번지 126호,서울특별시 은평구 응암로 252 (응암동),37.5943948,126.9185635,응암시장,그 밖의 대규모점포,대규모점포
1,영업/정상,1,정상영업,2178,서울특별시 동대문구 휘경동 151-3,서울특별시 동대문구 휘경로 53(휘경동),37.5946054,127.0660318,이경시장,시장,대규모점포
1,영업/정상,1,정상영업,21844.34,,"서울특별시 중랑구 망우로 353-0 (상봉동, 프레미어스 엠코)",37.5981008,127.0905139,이노시티,복합쇼핑몰,
1,영업/정상,1,정상영업,4447.16,서울특별시 영등포구 당산동5가 16번지 7호,서울특별시 영등포구 양평로 47 (당산동5가),37.5320868,126.9012,이랜드리테일 당산점,그 밖의 대규모점포,
1,영업/정상,1,정상영업,49220.79,서울특별시 구로구 구로동 573,서울특별시 구로구 구로중앙로 152 (구로동),37.5011761,126.8828394,이랜드리테일 NC구로점,백화점,
1,영업/정상,1,정상영업,10006,서울특별시 성북구 길음동 25번지 2호,서울특별시 성북구 도봉로 17 (길음동),37.610856,127.029728,이마트 미아점,대형마트,
1,영업/정상,1,정상영업,18964,서울특별시 성북구 길음동 25번지 2호,서울특별시 성북구  도봉로  17 (길음동),37.610856,127.029728,이마트 미아점,대형마트,대규모점포
1,영업/정상,1,정상영업,10006,서울특별시 성북구 길음동 25번지 2호 신세계 이마트 미아점,"서울특별시 성북구 도봉로 17, 신세계 이마트 미아점 (길음동)",37.610856,127.029728,이마트 미아점,대형마트,대규모점포
1,영업/정상,1,정상영업,19201,서울특별시 성북구 길음2동 230번지 동일하이빌뉴시티아파트,"서울특별시 성북구 종암로 167,  동 (하월곡동)",37.605052,127.0309961,이마트 하월곡점,대형마트,대규모점포
1,영업/정상,1,정상영업,10745,서울특별시 성북구 하월곡동 230번지 동일하이빌뉴시티아파트,"서울특별시 성북구 종암로 167 (하월곡동, 동일하이빌뉴시티아파트)",37.60470198,127.0313102,이마트 하월곡점,복합쇼핑몰,
1,영업/정상,BBBB,,7671,서울특별시 구로구 구로동 188번지 26  호,,37.48437178,126.8978222,이마트구로점,대형마트,
1,영업/정상,1,정상영업,794.7,서울특별시 강남구 신사동 510-11 강남상가아파트,"서울특별시 강남구 압구정로2길 46, 1층 (신사동, ---------)",37.5187712,127.0206688,이마트에브리데이 강남시장점,구분없음,
1,영업/정상,5,영업개시전,828.69,서울특별시 성북구 길음동 1286-10 길음뉴타운9단지래미안 상가,"서울특별시 성북구 길음로7길 6, 길음뉴타운9단지래미안 상가 지하1층 B04~B08호 (길음동)",37.6035622,127.0198289,이마트에브리데이 길음점,구분없음,
1,영업/정상,5,영업개시전,828.69,서울특별시 성북구 길음동 1286-10 길음뉴타운9단지래미안 상가,"서울특별시 성북구 길음로7길 6, 길음뉴타운9단지래미안 상가 지하1층 B04~B08호 (길음동)",37.6035622,127.0198289,이마트에브리데이 길음점,구분없음,
1,영업/정상,1,정상영업,1133.21,서울특별시 서대문구 남가좌동 286-1 DMC금호리첸시아,"서울특별시 서대문구 수색로2길 39(남가좌동, DMC금호리첸시아)",37.5704789,126.9157871,이마트에브리데이 남가좌점,구분없음,
1,영업/정상,1,정상영업,0,서울특별시 강서구 마곡동 759번지 마곡센트럴타워Ⅱ,"서울특별시 강서구 마곡서로 158, 마곡센트럴타워Ⅱ 103~110, 118, 119호 (마곡동)",37.5681063,126.8254305,이마트에브리데이 마곡점,구분없음,준대규모점포
1,영업/정상,1,정상영업,998.27,서울특별시 서대문구 남가좌동 50-3 명지대학교,"서울특별시 서대문구 거북골로 34, 명지대학교 (남가좌동)",37.5802263,126.9231205,이마트에브리데이 명지대점,구분없음,
1,영업/정상,1,정상영업,727,서울특별시 송파구 가락동 479 헬리오시티,"서울특별시 송파구 송파대로 345 (가락동, 헬리오시티)",37.4976932,127.1066824,이마트에브리데이 송파점,구분없음,준대규모점포
1,영업/정상,1,정상영업,483.79,서울특별시 서대문구 홍은동 11-419,서울특별시 서대문구 홍은중앙로 89(홍은동),37.5990436,126.9473472,이마트에브리데이 홍은점,구분없음,
1,영업/정상,1,정상영업,38200.14,서울특별시 노원구 월계동 333번지 1호,"서울특별시 노원구 마들로3길 15 (월계동, 월계이마트)",37.62644,127.0619091,이마트타운 월계점,쇼핑센터,
1,영업/정상,1,정상영업,8286.24,서울특별시 동대문구 이문동 292번지 10호,서울특별시 동대문구 이문로 136 (이문동),37.598488,127.0618949,이문동웰츠타워,그 밖의 대규모점포,대규모점포
1,영업/정상,1,정상영업,1774,서울특별시 동대문구 이문동 292번지 10호,서울특별시 동대문구 이문로 136 (이문동),37.598488,127.0618949,이문제일시장,시장,대규모점포
1,영업/정상,1,정상영업,6446.23,,서울특별시 서초구 방배로33길 29 (방배동),37.4912681,126.9893045,이수시장,그 밖의 대규모점포,대규모점포
1,영업/정상,1,정상영업,3295.46,서울특별시 강동구 성내동 25번지 1호,서울특별시 강동구 천호대로162길 34 (성내동),37.535537,127.1279452,이안강동주상복합상가,그 밖의 대규모점포,대규모점포
1,영업/정상,1,정상영업,13043.88,서울특별시 구로구 고척동 76번지 41호,서울특별시 구로구 중앙로1길 36 (고척동),37.4981005,126.8626639,이천일 아울렛 구로점,그 밖의 대규모점포,
1,영업/정상,1,정상영업,12287,서울특별시 노원구 중계2.3동 509번지 2001아울렛,서울특별시 노원구 동일로204가길 46 (중계동),37.6413039,127.0679877,이천일아울렛 중계점,복합쇼핑몰,
1,영업/정상,1,정상영업,17600,서울특별시 강동구 천호동 563번지,서울특별시 강동구 구천면로 189 (천호동),37.5408634,127.1331051,이천일아울렛 천호점,그 밖의 대규모점포,
1,영업/정상,1,정상영업,574,서울특별시 용산구 이태원동 56번지 9호,서울특별시 용산구 이태원로14길 6 (이태원동),37.540495,126.9958256,이태원시장,시장,대규모점포
1,영업/정상,1,정상영업,4379.68,서울특별시 관악구 대학동 1523번지,서울특별시 관악구 신림로23길 16 (신림동),37.4704187,126.9344974,일성트루엘상가,그 밖의 대규모점포,대규모점포
1,영업/정상,1,정상영업,19634.51,서울특별시 구로구 고척동 73번지 3호,서울특별시 구로구 경인로 393-7 (고척동),37.4974558,126.8631271,일이삼전자타운,그 밖의 대규모점포,대규모점포
1,영업/정상,1,정상영업,0,서울특별시 구로구 고척동 73번지 3   호,"서울특별시 구로구 경인로 393-7 (고척동, 123전자타운)",37.4974023,126.8630938,일이삼전자타운,그 밖의 대규모점포,대규모점포
1,영업/정상,1,정상영업,0,서울특별시 성동구 용답동 234번지 한국자동차매매센터,"서울특별시 성동구 자동차시장1길 70 (용답동, 장안평중고자동차시장)",37.5602103,127.0662611,자동차매매센타,전문점,대규모점포
1,영업/정상,5,영업개시전,34138.84,서울특별시 광진구 자양동 680-63,,37.53526688,127.0887153,자양1재정비촉진구역 도시정비형 재개발사업 판매시설,쇼핑센터,
1,영업/정상,1,정상영업,2418.11,서울특별시 광진구 자양동 602호,서울특별시 광진구 자양번영로6길 20 (자양동),37.5319937,127.0764359,자양종합시장,그 밖의 대규모점포,대규모점포
1,영업/정상,1,정상영업,9815,서울특별시 송파구 잠실동 27번지 6호,서울특별시 송파구 올림픽로 203 (잠실동),37.5096079,127.0824398,잠실중앙상가,그 밖의 대규모점포,대규모점포
1,영업/정상,1,정상영업,5746.45,서울특별시 동대문구 장안동 580번지,서울특별시 동대문구 한천로 42 (장안동),37.570207,127.0700249,장안위더스빌,그 밖의 대규모점포,대규모점포
1,영업/정상,1,정상영업,0,,서울특별시 성북구 장월로12길 41-1 (장위동),37.6140171,127.058602,장위전통시장,시장,대규모점포
1,영업/정상,1,정상영업,7194,서울특별시 성북구 장위동 68-225,"서울특별시 성북구 장월로12길 41-1, 장위전통시장 상인회 (장위동)",37.6140171,127.058602,장위전통시장상인회,시장,준대규모점포
1,영업/정상,1,정상영업,809,서울특별시 동대문구 장안동 108-5,서울특별시 동대문구 한천로 190(장안동),37.568356,127.063532,전곡시장,시장,대규모점포
1,영업/정상,1,정상영업,4244,서울특별시 동대문구 전농동 295번지 52호,서울특별시 동대문구 전농로 147 (전농동),37.5779581,127.0570618,전농로타리시장,시장,대규모점포
1,영업/정상,1,정상영업,10431.44,서울특별시 동대문구 전농동 647번지 1호,서울특별시 동대문구 서울시립대로 36 (전농동),37.5745402,127.046998,전농프라자,그 밖의 대규모점포,대규모점포
1,영업/정상,1,정상영업,10634.18,서울특별시 용산구 한강로2가 413호,서울특별시 용산구 청파로 113-12 (한강로2가),37.5332357,126.9702724,전자타운,전문점,대규모점포
1,영업/정상,1,정상영업,5155.7,,"서울특별시 강남구 강남대로 432 (역삼동, 점프밀라노)",37.5012103,127.0266055,점프밀라노,그 밖의 대규모점포,대규모점포
1,영업/정상,1,정상영업,6592.35,서울특별시 마포구 노고산동 57번지 1호,서울특별시 마포구  신촌로  94 (노고산동),37.5543865,126.9377806,정도진흥기업(주),그 밖의 대규모점포,대규모점포
1,영업/정상,1,정상영업,9954,서울특별시 성북구 정릉동 397-9 정릉시장 고객편의시설,"서울특별시 성북구 보국문로11길 18-19, 정릉시장 고객편의시설 (정릉동)",37.6086563,127.0090516,정릉시장상인회,시장,
1,영업/정상,1,정상영업,9629.48,,서울특별시 중구 마장로 13 (신당동),37.568467,127.0114114,제일평화시장,그 밖의 대규모점포,
1,영업/정상,1,정상영업,6426.48,서울특별시 광진구 자양동 6번지 20호,서울특별시 광진구 아차산로30길 39 (자양동),37.5388906,127.0673902,조양시장,그 밖의 대규모점포,대규모점포
1,영업/정상,1,정상영업,4674.66,서울특별시 종로구 종로1가 1번지,서울특별시 종로구 종로 1 (종로1가),37.570582,126.9780799,종로1번지아케이트,복합쇼핑몰,대규모점포
1,영업/정상,1,정상영업,,호,,37.56913033,126.9952798,종로세운상가,대형마트,
1,영업/정상,1,정상영업,4382.65,서울특별시 성북구 종암동 132번지,"서울특별시 성북구 종암로 132 (종암동, 종암우림카이저팰리스)",37.6019481,127.0334909,종암우림카이저팰리스주상복합,그 밖의 대규모점포,대규모점포
1,영업/정상,1,정상영업,5100.83,서울특별시 중랑구 묵1동 170번지 1호 외 35필지,서울특별시 중랑구 동일로 932 (묵동),37.6138455,127.0775528,주식회사 이마트 묵동점,대형마트,
1,영업/정상,1,정상영업,9961.6,서울특별시 중랑구 망우동 506번지 1호,서울특별시 중랑구 상봉로 118 (망우동),37.5964815,127.0934539,주식회사 이마트 상봉점,대형마트,
1,영업/정상,1,정상영업,20144.48,서울특별시 중구 황학동 2545번지,서울특별시 중구 청계천로 400-0 (황학동),37.5666849,127.020161,주식회사 이마트 청계천점,대형마트,
1,영업/정상,1,정상영업,38414.15,서울특별시 구로구 신도림동 692번지,서울특별시 구로구 경인로 662 (신도림동),37.5085845,126.8888977,주식회사 현대백화점 디큐브시티,백화점,
1,영업/정상,1,정상영업,9484.37,서울특별시 강동구 명일동 48번지,서울특별시 강동구  고덕로62길  55 (명일동),37.5525198,127.153496,주양쇼핑,그 밖의 대규모점포,대규모점포
1,영업/정상,1,정상영업,2107.8,서울특별시 광진구 중곡동 229번지 5호,서울특별시 광진구 긴고랑로11길 11 (중곡동),37.5639179,127.0813137,중곡제일시장,그 밖의 대규모점포,대규모점포
1,영업/정상,1,정상영업,20707,,서울특별시 중구 을지로36길 35 (오장동),37.5649599,127.0018313,중부시장,그 밖의 대규모점포,대규모점포
1,영업/정상,1,정상영업,70845,서울특별시 구로구 구로동 1258번지,서울특별시 구로구 경인로53길 15 (구로동),37.5042258,126.8871457,중앙유통단지,그 밖의 대규모점포,대규모점포
1,영업/정상,1,정상영업,634.45,서울특별시 관악구 봉천동 1717-3 관악푸르지오,"서울특별시 관악구 청림6길 3, 관악푸르지오 상가동 110,113,114호 (봉천동)",37.4875731,126.9598942,지에스 더 프레시(GS THE FRESH) 관악청림점,구분없음,
1,영업/정상,1,정상영업,719.46,서울특별시 강동구 고덕동 217번지 고덕그라시움아파트(상가1동),"서울특별시 강동구 고덕로 353, 고덕그라시움아파트(상가1동) 지하1층 108-119,128호 (고덕동)",37.5579056,127.162626,지에스 더프레시(GS THE FRESH) 고덕그라시움점,구분없음,준대규모점포
1,영업/정상,1,정상영업,276.24,,"서울특별시 중구 만리재로 175, 401동 9,10,11호 (만리동2가)",37.5542175,126.9634093,지에스수퍼마켓 중구만리점,구분없음,준대규모점포
1,영업/정상,1,정상영업,10269.89,서울특별시 중구 충무로4가 120번지 3   호,서울특별시 중구 퇴계로 217 (충무로4가),37.5623301,126.9958453,진양상가,그 밖의 대규모점포,대규모점포
1,영업/정상,1,정상영업,5374.49,서울특별시 강동구 천호동 422번지 2호,,37.54254894,127.1282457,천호신시장,시장,대규모점포
1,영업/정상,5,영업개시전,10180.74,서울특별시 강동구 천호동 410번지 100호,서울특별시 강동구 진황도로 12 (천호동),37.5332879,127.1379169,천호코오롱상가,그 밖의 대규모점포,대규모점포
1,영업/정상,1,정상영업,3778.41,서울특별시 중구 산림동 207번지 1호 세운청계상가,"서울특별시 중구 청계천로 160, 세운청계상가 (산림동)",37.5680476,126.9953684,청계상가,그 밖의 대규모점포,대규모점포
1,영업/정상,1,정상영업,0,서울특별시 강남구 청담동 134번지 20호,서울특별시 강남구 학동로101길 26 (청담동),37.5223046,127.0577361,청담삼익시장,그 밖의 대규모점포,대규모점포
1,영업/정상,1,정상영업,22487.6,서울특별시 동대문구 용두동 39-1 청량리역한양수자인그라시엘,"서울특별시 동대문구 고산자로32길 78 (용두동, 청량리역한양수자인그라시엘)",37.5773689,127.0430791,청량리역 한양수자인 그라시엘 판매시설,그 밖의 대규모점포,
1,영업/정상,1,정상영업,19780.15,서울특별시 동대문구 청량리동 738번지,서울특별시 동대문구 홍릉로 13 (청량리동),37.5814392,127.04439,청량리현대코아,그 밖의 대규모점포,대규모점포
1,영업/정상,1,정상영업,0,서울특별시 강남구 대치동 626호,서울특별시 강남구 남부순환로 2917 (대치동),37.4931481,127.0590766,청실종합상가,그 밖의 대규모점포,대규모점포
1,영업/정상,1,정상영업,12192.28,서울특별시 중구 신당1동 217번지 91호,서울특별시 중구 청계천로 334 (신당동),37.5694647,127.0149472,청평화시장,그 밖의 대규모점포,대규모점포
1,영업/정상,1,정상영업,4037.2,서울특별시 광진구 자양동 17번지 1호,서울특별시 광진구 아차산로 200 (자양동),37.5358064,127.0617435,커먼그라운드,그 밖의 대규모점포,대규모점포
1,영업/정상,1,정상영업,8724.73,서울특별시 영등포구 양평동3가 65호,서울특별시 영등포구 선유로 156 (양평동3가),37.5290356,126.8910476,코스트코 홀세일,대형마트,대규모점포
1,영업/정상,1,정상영업,9977.11,,서울특별시 서초구 양재대로 159 (양재동),37.4620262,127.0360987,코스트코코리아,대형마트,대규모점포
1,영업/정상,1,정상영업,,서울특별시 영등포구 양평동3가 65호,서울특별시 영등포구 선유로 156 (양평동3가),37.5290356,126.8910476,코스트코홀세일,그 밖의 대규모점포,
1,영업/정상,1,정상영업,9776.28,서울특별시 중랑구 상봉동 81호,서울특별시 중랑구 망우로 336 (상봉동),37.5968635,127.0902125,코스트코홀세일 상봉점,대형마트,대규모점포
1,영업/정상,1,정상영업,80038,서울특별시 강남구 삼성동 159번지 1호 외,서울특별시 강남구 영동대로 513 (삼성동),37.5125207,127.0588194,코엑스 몰,복합쇼핑몰,대규모점포
1,영업/정상,1,정상영업,5683.94,서울특별시 강남구 삼성동 159호,서울특별시 강남구 봉은사로 524 (삼성동),37.5125207,127.0588194,코엑스 호텔아케이드,쇼핑센터,대규모점포
1,영업/정상,1,정상영업,94319.57,서울특별시 영등포구 영등포동4가 441번지 10호 타임스퀘어,서울특별시 영등포구 영중로 15 (영등포동4가),37.5178903,126.9035759,타임스퀘어,쇼핑센터,대규모점포
1,영업/정상,1,정상영업,16025.6,서울특별시 관악구 서원동 1641번지 2호,서울특별시 관악구 신림로 330 (신림동),37.4838352,126.9301737,타임스트림,복합쇼핑몰,대규모점포
1,영업/정상,1,정상영업,0,서울특별시 중랑구 중화2동 314번지 1호,서울특별시 중랑구 동일로129길 35 (중화동),37.6035619,127.0817647,태능엔터피아 번영회,시장,대규모점포
1,영업/정상,1,정상영업,56379.9,서울특별시 서초구 반포동 19번지 4   호,서울특별시 서초구 신반포로 194 (반포동),37.5055182,127.0070626,터미널상가,그 밖의 대규모점포,대규모점포
1,영업/정상,1,정상영업,49840,서울특별시 광진구 구의동 546번지 4호,서울특별시 광진구 광나루로56길 85 (구의동),37.5356993,127.095765,테크노-마트21,그 밖의 대규모점포,대규모점포
1,영업/정상,1,정상영업,15144,,"서울특별시 중구 청계천로 260-9 (을지로6가, 통일의류종합상가)",37.5677844,127.0068849,통일상가,그 밖의 대규모점포,대규모점포
1,영업/정상,1,정상영업,15144,서울특별시 중구 을지로6가 17번지,서울특별시 중구 장충단로13길 20 (을지로6가),37.5658334,127.0075783,통일상가,그 밖의 대규모점포,대규모점포
1,영업/정상,1,정상영업,4834.6,서울특별시 강북구 송중동,서울특별시 강북구 도봉로 34 (미아동),37.6120562,127.0307155,트레지오,복합쇼핑몰,대규모점포
1,영업/정상,1,정상영업,6140,,서울특별시 중구 마장로 30 (신당동),37.5676426,127.0134802,팀204,그 밖의 대규모점포,대규모점포
1,영업/정상,1,정상영업,7940,서울특별시 강남구 삼성1동 159번지 8호 그랜드인터콘티넨탈호텔(지하1층),서울특별시 강남구 테헤란로 521 (삼성동),37.5090474,127.060893,파르나스몰(PARNAS MALL),쇼핑센터,대규모점포
1,영업/정상,1,정상영업,3741.82,서울특별시 광진구 군자동 503번지,서울특별시 광진구 광나루로 369 (군자동),37.5491101,127.0731408,파크에비뉴,그 밖의 대규모점포,대규모점포
1,영업/정상,1,정상영업,13996.64,,서울특별시 성동구 왕십리로 241 (행당동),37.5576248,127.0359917,파크에비뉴 엔터식스 한양대점,복합쇼핑몰,대규모점포
1,영업/정상,1,정상영업,4075.83,서울특별시 강동구 성내동 428번지 2호,서울특별시 강동구 양재대로89길 16 (성내동),37.5358904,127.1282323,파크프라자 상가,그 밖의 대규모점포,대규모점포
1,영업/정상,1,정상영업,9350.53,서울특별시 은평구 대조동 240호,서울특별시 은평구 불광로 20 (대조동),37.609721,126.9290038,팜스퀘어,쇼핑센터,대규모점포
1,영업/정상,1,정상영업,24483.79,서울특별시 중구 을지로6가 17번지 48호,서울특별시 중구  청계천로  274 (을지로6가),37.5677844,127.0068849,평화시장,그 밖의 대규모점포,대규모점포
1,영업/정상,1,정상영업,5824.25,서울특별시 영등포구 당산동2가 165 한화포레나당산,"서울특별시 영등포구 당산로 83 (당산동2가, 한화포레나당산)",37.5222502,126.8953397,포레나당산동역세권청년주택 상업시설,그 밖의 대규모점포,
1,영업/정상,1,정상영업,4079.41,서울특별시 금천구 독산동 957번지,서울특별시 금천구 남부순환로120길 23 (독산동),37.4780627,126.9014189,푸른터시장,그 밖의 대규모점포,
1,영업/정상,1,정상영업,5880.92,서울특별시 광진구 구의동 631번지 1호,서울특별시 광진구 광나루로56길 63 (구의동),37.5373973,127.0976212,프라임프라자상가,그 밖의 대규모점포,대규모점포
1,영업/정상,1,정상영업,3004.13,서울특별시 광진구 자양동 663번지 21  호,서울특별시 광진구 자양로5길 33 (자양동),37.5309059,127.0841536,프라젠 스파,그 밖의 대규모점포,대규모점포
1,영업/정상,1,정상영업,7225,서울특별시 송파구 잠실동 101번지 1호,서울특별시 송파구 올림픽로4길 40 (잠실동),37.5111034,127.0939188,프리마 쇼핑센타,그 밖의 대규모점포,대규모점포
1,영업/정상,1,정상영업,34765,,서울특별시 서초구 매헌로 16 (양재동),37.4633949,127.0370136,하이브랜드,그 밖의 대규모점포,대규모점포
1,영업/정상,1,정상영업,4944.51,,서울특별시 중구 퇴계로 123 (충무로2가),37.5617173,126.987815,하이해리엇,그 밖의 대규모점포,대규모점포
1,영업/정상,1,정상영업,0,서울특별시 성동구 옥수동 220번지 1호 한남하이츠아파트,"서울특별시 성동구 독서당로 160, 한남하이츠아파트 (옥수동)",37.5397394,127.0141579,한남하이츠상가,구분없음,
1,영업/정상,1,정상영업,11740.39,서울특별시 강남구 대치동 511번지 한보미도맨션,"서울특별시 강남구 삼성로 150 (대치동, 한보미도맨션)",37.4925906,127.066184,한보종합상가,그 밖의 대규모점포,대규모점포
1,영업/정상,1,정상영업,7753.13,서울특별시 동대문구 제기동 892번지 71호,서울특별시 동대문구 왕산로 109 (제기동),37.5785611,127.0356003,한솔동의보감,전문점,대규모점포
1,영업/정상,1,정상영업,12025.9,서울특별시 강남구 역삼동 755번지,서울특별시 강남구 역삼로 310 (역삼동),37.499217,127.0484398,한솔필리아,그 밖의 대규모점포,대규모점포
1,영업/정상,1,정상영업,2456.45,서울특별시 광진구 화양동 10번지 1호,서울특별시 광진구 능동로13길 39 (화양동),37.5448994,127.0732212,한아름시장,그 밖의 대규모점포,
1,영업/정상,1,정상영업,1256,,서울특별시 서초구 서초중앙로 220 (반포동),37.5015999,127.0132355,한양스토아,그 밖의 대규모점포,대규모점포
1,영업/정상,1,정상영업,5873.69,서울특별시 성동구 행당동 346번지 행당 한진타운 종합상가,"서울특별시 성동구 행당로 84, 행당 한진타운 종합상가 (행당동)",37.5550961,127.0284034,한진종합상가,그 밖의 대규모점포,
1,영업/정상,1,정상영업,5269,서울특별시 송파구 송파1동 121번지,서울특별시 송파구 가락로 183 (송파동),37.5005005,127.1165162,한화 송파지점,그 밖의 대규모점포,
1,영업/정상,1,정상영업,0,서울특별시 마포구 합정동 375번지 1호,서울특별시 마포구 양화진길 5 (합정동),37.5482205,126.9131717,합정시장,시장,
1,영업/정상,1,정상영업,5051.61,서울특별시 동작구 흑석동 332번지,서울특별시 동작구 서달로 150 (흑석동),37.5066658,126.9621884,해가든프라자,그 밖의 대규모점포,대규모점포
1,영업/정상,1,정상영업,4845.26,서울특별시 용산구 이태원동 119번지 25호,서울특별시 용산구 이태원로 179 (이태원동),37.5438758,126.9942504,해밀톤 쇼핑몰,쇼핑센터,대규모점포
1,영업/정상,1,정상영업,13941.72,서울특별시 중구 을지로6가 18번지 35호,서울특별시 중구 장충단로 253 (을지로6가),37.5677844,127.0068849,헬로우에이피엠,그 밖의 대규모점포,대규모점포
1,영업/정상,1,정상영업,46111.46,서울특별시 강남구 삼성동 159번지 7호,"서울특별시 강남구 테헤란로 517 (삼성동, 무역센터현대백화점)",37.5086154,127.0597808,현대백화점 무역센터점,백화점,대규모점포
1,영업/정상,1,정상영업,36583,서울특별시 성북구 길음동 20번지 1호,"서울특별시 성북구 동소문로 315 (길음동, 현대백화점미아점)",37.6080757,127.0288683,현대백화점 미아점,백화점,대규모점포
1,영업/정상,1,정상영업,35471.76,서울특별시 서대문구 창천동 30번지 33호,서울특별시 서대문구 신촌로 83 (창천동),37.5595023,126.9362846,현대백화점 신촌점,백화점,대규모점포
1,영업/정상,1,정상영업,36175,서울특별시 강동구 천호동 455번지 8호,"서울특별시 강동구 천호대로 1005 (천호동, 현대백화점)",37.5390258,127.1244577,현대백화점 천호점,백화점,
1,영업/정상,1,정상영업,38258,서울특별시 양천구 목동 916호,서울특별시 양천구 목동동로 257 (목동),37.5268539,126.8750349,현대백화점목동점,백화점,대규모점포
1,영업/정상,1,정상영업,33008.72,,서울특별시 중구 장충단로 13-20 (을지로6가),37.5677844,127.0068849,현대시티타워,쇼핑센터,대규모점포
1,영업/정상,1,정상영업,25015.45,서울특별시 금천구 가산동 60번지 8호,서울특별시 금천구 디지털로10길 9 (가산동),37.4775817,126.8890846,현대아울렛,쇼핑센터,
1,영업/정상,1,정상영업,3625.18,서울특별시 광진구 광장동 484호,서울특별시 광진구 광나루로 635 (광장동),37.5406205,127.0986045,현대종합상가,그 밖의 대규모점포,대규모점포
1,영업/정상,1,정상영업,5590.74,,서울특별시 중구 마장로1길 18 (신당동),37.5687673,127.0124716,혜양엘리시움,그 밖의 대규모점포,대규모점포
1,영업/정상,1,정상영업,7676.86,서울특별시 중구 소공동 1번지,"서울특별시 중구 을지로 30 (소공동, 롯데호텔)",37.5633046,126.981384,호텔롯데아케이드,그 밖의 대규모점포,
1,영업/정상,1,정상영업,14176,서울특별시 강동구 천호동 42번지,서울특별시 강동구 양재대로 1571 (천호동),37.5457174,127.1422509,홈플러스 강동점,대형마트,대규모점포
1,영업/정상,1,정상영업,14784,서울특별시 관악구 남현동 산 69번지 51호,서울특별시 관악구 과천대로 909 (남현동),37.4714783,126.9824131,홈플러스 서울남현점,대형마트,대규모점포
1,영업/정상,1,정상영업,14972,서울특별시 금천구 시흥동 992번지 47호,서울특별시 금천구 시흥대로 201 (시흥동),37.4519,126.9007973,홈플러스 시흥점,대형마트,대규모점포
1,영업/정상,1,정상영업,11101,서울특별시 중랑구 신내2동 645번지,서울특별시 중랑구 신내로 201 (신내동),37.6157942,127.0937634,홈플러스 신내점,대형마트,대규모점포
1,영업/정상,1,정상영업,17817,서울특별시 성북구 월곡2동 46번지 73호,"서울특별시 성북구 화랑로 76 (하월곡동, 코업스타클래스)",37.6018094,127.0403791,홈플러스 월곡점,대형마트,대규모점포
1,영업/정상,1,정상영업,246.18,서울특별시 은평구 갈현2동 527번지 13호,서울특별시 은평구 서오릉로 222 (갈현동),37.621541,126.913578,홈플러스 익스프레스 갈현점,그 밖의 대규모점포,준대규모점포
1,영업/정상,1,정상영업,191,서울특별시 구로구 개봉1동 156번지 18호 외 1필지 대림프라자 101호,"서울특별시 구로구 경인로 319 (개봉동,외 1필지 대림프라자 101호)",37.4975133,126.8556501,홈플러스 익스프레스 개봉점,구분없음,준대규모점포
1,영업/정상,1,정상영업,577.2,서울특별시 관악구 중앙동 463번지 4호 메카플러스 지하1층,서울특별시 관악구 양녕로 46 (봉천동),37.4861536,126.9473568,홈플러스 익스프레스 봉천점,구분없음,준대규모점포
1,영업/정상,1,정상영업,199.1,서울특별시 송파구 삼전동 9번지 제이 플레이스,"서울특별시 송파구 백제고분로 207 (삼전동, 제이 플레이스)",37.5042349,127.0898578,홈플러스 익스프레스 삼전역점,구분없음,준대규모점포
1,영업/정상,1,정상영업,507.4,서울특별시 동작구 상도2동 414번지,서울특별시 동작구 만양로 26 (상도동),37.5071676,126.9497743,홈플러스 익스프레스 상도2점,구분없음,준대규모점포
1,영업/정상,1,정상영업,258,서울특별시 동작구 상도동 530번지,서울특별시 동작구  양녕로  170 (상도동),37.4968249,126.9435799,홈플러스 익스프레스 상도3점,구분없음,준대규모점포
1,영업/정상,1,정상영업,228.69,"서울특별시 구로구 구로1동 650번지 4호 SK허브수 제B동 제118호,제119호,제121호~126호","서울특별시  구일로10길 27, B동 1층 (제118호,제119호,제121호~126호)",37.4958807,126.8727228,홈플러스 익스프레스 서울구로점,구분없음,준대규모점포
1,영업/정상,1,정상영업,246,서울특별시 구로구 오류2동 160번지  외 2필지,"서울특별시 구로구 서해안로 2293 (오류동,외 2필지)",37.4915027,126.8397255,홈플러스 익스프레스 서울오류점,구분없음,준대규모점포
1,영업/정상,1,정상영업,141,,서울특별시 동대문구 경희대로 20 (회기동),37.5932764,127.0528663,홈플러스 익스프레스 서울회기점,구분없음,준대규모점포
1,영업/정상,1,정상영업,170.28,서울특별시 강남구 신사동 660번지 18호,서울특별시 강남구 압구정로46길 5-2 (신사동),37.5280518,127.0368914,홈플러스 익스프레스 압구정점,구분없음,준대규모점포
1,영업/정상,5,영업개시전,254.4,서울특별시 양천구 신정동 86-1,서울특별시 양천구 목동동로 196(신정동),37.5242141,126.8713288,홈플러스 익스프레스 오목교점,구분없음,
1,영업/정상,1,정상영업,14201,서울특별시 마포구 서교동 490번지 1호,"서울특별시 마포구 양화로 45 (서교동, 메세나폴리스)",37.5509108,126.9137604,홈플러스 합정점,대형마트,대규모점포
1,영업/정상,1,정상영업,10037,서울특별시 강서구 가양동 18번지 24호,"서울특별시 강서구 양천로 431 (가양동, 홈플러스)",37.5642454,126.8499416,홈플러스(주) 가양점,대형마트,대규모점포
1,영업/정상,1,정상영업,22173,서울특별시 강서구 등촌동 639번지 11호,서울특별시 강서구  화곡로  398 (등촌동),37.5584079,126.8550157,홈플러스(주) 강서점,대형마트,대규모점포
1,영업/정상,1,정상영업,29885.04,서울특별시 금천구 독산동 291번지 7호,서울특별시 금천구 시흥대로 391 (독산동),37.4686843,126.8968983,홈플러스(주) 금천점,대형마트,대규모점포
1,영업/정상,1,정상영업,12010,서울특별시 동대문구 용두동 33번지 1호,서울특별시 동대문구 천호대로 133 (용두동),37.5757257,127.034286,홈플러스(주) 동대문점,대형마트,대규모점포
1,영업/정상,1,정상영업,22618.65,서울특별시 중랑구 상봉1동 500번지,"서울특별시 망우로 353-0 (상봉동, 프레미어스 엠코)",37.5981008,127.0905139,홈플러스(주) 서울 상봉점,대형마트,대규모점포
1,영업/정상,1,정상영업,11914,서울특별시 구로구 신도림동 337번지 신도림1차푸르지오,"서울특별시 구로구 경인로 661, 신도림1차푸르지오 (신도림동)",37.5093957,126.8877258,홈플러스(주) 신도림점,대형마트,대규모점포
1,영업/정상,1,정상영업,35687.74,서울특별시 영등포구 문래동3가 55번지 3호,서울특별시 영등포구  당산로  42 (문래동3가),37.5189835,126.8987059,홈플러스(주) 영등포점,대형마트,대규모점포
1,영업/정상,1,정상영업,293.34,서울특별시 성동구 금호동1가 481번지 5호,서울특별시 성동구 행당로 6 (금호동1가),37.5545218,127.0208512,홈플러스(주) 익스프레스 금호점,구분없음,준대규모점포
1,영업/정상,1,정상영업,978.3,서울특별시 동작구 사당3동 252번지 22호,서울특별시 동작구 사당로 215 (사당동),37.4846333,126.9723698,홈플러스(주) 익스프레스 남성점,복합쇼핑몰,준대규모점포
1,영업/정상,1,정상영업,240.5,서울특별시 영등포구 도림동 251번지 5호,서울특별시 영등포구 도신로 75 (도림동),37.5099935,126.9080515,홈플러스(주) 익스프레스 도림점,구분없음,준대규모점포
1,영업/정상,1,정상영업,232.7,서울특별시 서대문구 북가좌동 279번지 11호,서울특별시 서대문구 응암로 112 (북가좌동),37.5824547,126.9136265,홈플러스(주) 익스프레스 북가좌점,구분없음,
1,영업/정상,1,정상영업,304.1,서울특별시 동작구 상도4동 255번지 4호,서울특별시 동작구 성대로 43 (상도동),37.4989979,126.9336714,홈플러스(주) 익스프레스 상도점,구분없음,준대규모점포
1,영업/정상,1,정상영업,189.1,서울특별시 강동구 성내1동 521번지,서울특별시 강동구 풍성로 138 (성내동),37.5312151,127.1273364,홈플러스(주) 익스프레스 성내점,구분없음,준대규모점포
1,영업/정상,1,정상영업,398.6,,서울특별시 송파구 가락로28길 7 (송파동),37.5087663,127.1045239,홈플러스(주) 익스프레스 송파점,구분없음,준대규모점포
1,영업/정상,1,정상영업,248.2,서울특별시 영등포구 신길동 101번지 7호,서울특별시 영등포구 영등포로 364 (신길동),37.5141272,126.9183627,홈플러스(주) 익스프레스 신길2점,구분없음,준대규모점포
1,영업/정상,1,정상영업,396.3,서울특별시 영등포구 신길3동 259번지 4호,서울특별시 영등포구 가마산로69가길 12 (신길동),37.5061475,126.9095893,홈플러스(주) 익스프레스 신길3점,구분없음,준대규모점포
1,영업/정상,1,정상영업,390.2,,서울특별시 영등포구 여의대방로 65 (신길동),37.4966912,126.9132165,홈플러스(주) 익스프레스 신길점,구분없음,준대규모점포
1,영업/정상,1,정상영업,324,서울특별시 강동구 암사1동 473번지 3호,서울특별시 강동구 고덕로24길 50 (암사동),37.5523754,127.1350985,홈플러스(주) 익스프레스 암사점,대형마트,준대규모점포
1,영업/정상,1,정상영업,264.3,서울특별시 성동구 왕십리2동 966번지 11호,서울특별시 성동구 왕십리로 333 (하왕십리동),37.5639874,127.0280247,홈플러스(주) 익스프레스 왕십리점,구분없음,준대규모점포
1,영업/정상,1,정상영업,466.1,서울특별시 중랑구 중화2동 314번지 1호,서울특별시 중랑구 동일로129길 35 (중화동),37.6035619,127.0817647,홈플러스(주) 익스프레스 태릉점,그 밖의 대규모점포,준대규모점포
1,영업/정상,1,정상영업,236,서울특별시 강서구 화곡3동 1065번지 8호,서울특별시 강서구 화곡로 153 (화곡동),37.5414647,126.8387684,홈플러스(주) 익스프레스 화곡점,그 밖의 대규모점포,준대규모점포
1,영업/정상,1,정상영업,578.96,서울특별시 성동구 금호동3가 1331번지,서울특별시 성동구 동호로 100 (금호동3가),37.5499627,127.0164391,홈플러스(주) 익프스레스 금호2점,구분없음,준대규모점포
1,영업/정상,1,정상영업,12840,서울특별시 노원구 중계동 509번지 2호,서울특별시 노원구 동일로204가길 12 (중계동),37.6399182,127.0686084,홈플러스(주) 중계점,대형마트,대규모점포
1,영업/정상,1,정상영업,8128.82,서울특별시 중랑구 면목동 168번지 2호,서울특별시 중랑구 사가정로 332 (면목동),37.5799415,127.0810446,홈플러스(주)면목점,복합쇼핑몰,대규모점포
1,영업/정상,1,정상영업,19765.04,서울특별시 양천구 목동 919번지 7호,서울특별시 양천구 목동서로 170 (목동),37.5303274,126.8732767,홈플러스(주)목동점,쇼핑센터,대규모점포
1,영업/정상,1,정상영업,15851.56,서울특별시 도봉구 방학동 707번지 7호,서울특별시 도봉구 도봉로 678 (방학동),37.6624252,127.0418251,홈플러스(주)방학점,대형마트,대규모점포
1,영업/정상,1,정상영업,17687.3,서울특별시 마포구 성산동 515호 월드컵경기장내,"서울특별시 마포구 월드컵로 240 (성산동,월드컵경기장내)",37.5592762,126.9138751,홈플러스(주)월드컵점,대형마트,대규모점포
1,영업/정상,1,정상영업,243.5,,서울특별시 금천구 가산로 106 (가산동),37.4754973,126.8937054,홈플러스(주)익스프레스 가산점,구분없음,준대규모점포
1,영업/정상,1,정상영업,835,서울특별시 송파구 거여2동 27번지 5호 B101호,서울특별시 오금로 512,37.4926895,127.1455361,홈플러스(주)익스프레스 거여점,구분없음,준대규모점포
1,영업/정상,1,정상영업,324.4,서울특별시 노원구 공릉동 323번지 35호,서울특별시 노원구 동일로 1101 (공릉동),37.6304722,127.0909904,홈플러스(주)익스프레스 공릉점,구분없음,준대규모점포
1,영업/정상,1,정상영업,432.9,서울특별시 종로구 신문로1가 24번지  고려빌딩 1층,"서울특별시  새문안로 91, 1층 (고려빌딩)",37.5704871,126.9747535,홈플러스(주)익스프레스 광화문점,대형마트,준대규모점포
1,영업/정상,1,정상영업,252.4,서울특별시 강동구 길동 391번지 2호,서울특별시 강동구 양재대로 1486 (길동),37.5383655,127.1405173,홈플러스(주)익스프레스 길동점,구분없음,준대규모점포
1,영업/정상,1,정상영업,364.6,서울특별시 중랑구 망우3동 410번지 1호,서울특별시 중랑구 용마산로 494 (망우동),37.5973668,127.0955186,홈플러스(주)익스프레스 망우점,그 밖의 대규모점포,
1,영업/정상,1,정상영업,361.1,서울특별시 중랑구 면목3.8동 499번지 4호,서울특별시 중랑구 면목로 357 (면목동),37.5840024,127.0880586,홈플러스(주)익스프레스 면목점,그 밖의 대규모점포,준대규모점포
1,영업/정상,1,정상영업,244.9,서울특별시 양천구 목3동 657번지 21호,서울특별시 양천구 등촌로 172 (목동),37.5450198,126.8626107,홈플러스(주)익스프레스 목동2점,구분없음,준대규모점포
1,영업/정상,1,정상영업,200.9,서울특별시 은평구 불광1동 239번지 9호,서울특별시 은평구 불광로 121 (불광동),37.6176658,126.9328715,홈플러스(주)익스프레스 불광점,그 밖의 대규모점포,준대규모점포
1,영업/정상,1,정상영업,273.3,서울특별시 종로구 숭인동 76번지 롯데캐슬천지인 1층,서울특별시 종로구 종로 347 (숭인동),37.5778545,127.0223516,홈플러스(주)익스프레스 숭인점,구분없음,준대규모점포
1,영업/정상,1,정상영업,189.1,서울특별시 은평구 신사1동 20번지 7호,서울특별시 은평구 갈현로 10 (신사동),37.6019182,126.9095192,홈플러스(주)익스프레스 신사점,그 밖의 대규모점포,준대규모점포
1,영업/정상,1,정상영업,161.37,서울특별시 양천구 신정7동 324번지 10호 굿모닝탑  103~108호,"서울특별시 양천구 목동동로 53, 103~108호 (신정동,굿모닝탑)",37.5150543,126.8607566,홈플러스(주)익스프레스 신정3점,구분없음,준대규모점포
1,영업/정상,1,정상영업,213,서울특별시 양천구 신정3동 1183번지 12호,서울특별시 양천구 중앙로 255-1 (신정동),37.5191679,126.8529907,홈플러스(주)익스프레스 신정점,구분없음,준대규모점포
1,영업/정상,1,정상영업,213.2,서울특별시 송파구 잠실4동 44번지 1호,서울특별시 송파구 석촌호수로 133 (잠실동),37.5076736,127.0917804,홈플러스(주)익스프레스 잠실점,구분없음,준대규모점포
1,영업/정상,1,정상영업,1089.67,서울특별시 노원구 중계동 360번지 2호,서울특별시 노원구 중계로 225 (중계동),37.6498272,127.0743318,홈플러스(주)익스프레스 중계점,구분없음,준대규모점포
1,영업/정상,1,정상영업,274.4,서울특별시 광진구 중곡2동 157번지 1호,서울특별시 광진구 능동로 314 (중곡동),37.563544,127.0888304,홈플러스(주)익스프레스 중곡점,구분없음,
1,영업/정상,1,정상영업,323,서울특별시 송파구 풍납동 163번지,서울특별시 송파구  올림픽로51길  52 (풍납동),37.5339348,127.1162296,홈플러스(주)익스프레스 풍납점,구분없음,준대규모점포
1,영업/정상,1,정상영업,510,서울특별시 은평구 구산동 1번지 24호,서울특별시 은평구 서오릉로 145 (구산동),37.6125776,126.9096506,홈플러스(주)익스프레스구산점,그 밖의 대규모점포,준대규모점포
1,영업/정상,1,정상영업,245.37,,서울특별시 강북구 도봉로 172 (미아동),37.624219,127.0273409,홈플러스(주)익스프레스미아점,대형마트,준대규모점포
1,영업/정상,1,정상영업,272,서울특별시 은평구 응암3동 124번지 17호,서울특별시 은평구 응암로 247 (응암동),37.5942615,126.9178361,홈플러스(주)익스프레스응암점,그 밖의 대규모점포,준대규모점포
1,영업/정상,1,정상영업,13934.64,서울특별시 송파구 신천동 7번지 12  호,서울특별시 송파구 올림픽로35가길 16 (신천동),37.516256,127.1030333,홈플러스(주)잠실점,대형마트,대규모점포
1,영업/정상,1,정상영업,232.07,서울특별시 광진구 구의3동 212번지 2호,서울특별시 광진구 아차산로 473 (구의동),37.5444007,127.092844,홈플러스익스프레스 구의2점,구분없음,
1,영업/정상,1,정상영업,189,서울특별시 성북구 길음동 1285번지 두산아파트상가,서울특별시 성북구 길음로13길 22 (길음동),37.609776,127.018829,홈플러스익스프레스 길음점,구분없음,준대규모점포
1,영업/정상,1,정상영업,223,서울특별시 강남구 도곡동 518-8 유진빌딩,"서울특별시 강남구 논현로28길 9, 유진빌딩 (도곡동)",37.4827594,127.0433546,홈플러스익스프레스 도곡2점,구분없음,준대규모점포
1,영업/정상,1,정상영업,377.72,서울특별시 마포구 도화동 353번지,"서울특별시 마포구 도화4길 73 (도화동, 현대홈타운)",37.5377841,126.9517874,홈플러스익스프레스 도화점,그 밖의 대규모점포,준대규모점포
1,영업/정상,1,정상영업,215,서울특별시 성북구 보문동7가 25번지 1호,서울특별시 성북구 보문로 61 (보문동7가),37.5801508,127.0208986,홈플러스익스프레스 보문점,구분없음,준대규모점포
1,영업/정상,1,정상영업,149.49,서울특별시 성북구 삼선동1가 21번지,서울특별시 성북구 삼선교로 6 (삼선동1가),37.5878623,127.0065583,홈플러스익스프레스 삼선점,구분없음,준대규모점포
1,영업/정상,1,정상영업,251.57,,서울특별시 중구 다산로 222 (신당동),37.5628477,127.0155986,홈플러스익스프레스 신당점,구분없음,준대규모점포
1,영업/정상,1,정상영업,158.07,서울특별시 마포구 연남동 573번지 코오롱아파트,"서울특별시 마포구 연남로 30 (연남동, 코오롱하늘채아파트)",37.5645062,126.9203641,홈플러스익스프레스 연남점,그 밖의 대규모점포,준대규모점포
1,영업/정상,1,정상영업,230.7,,서울특별시 마포구 토정로 282 (용강동),37.541611,126.9407704,홈플러스익스프레스 용강점,구분없음,준대규모점포
1,영업/정상,1,정상영업,235.8,서울특별시 광진구 중곡4동 93번지 2호,서울특별시 광진구 용마산로 10 (중곡동),37.5545458,127.0888207,홈플러스익스프레스 중곡2점,구분없음,
1,영업/정상,1,정상영업,231,,서울특별시 강남구 학동로 176 (논현동),37.5135239,127.0301914,홈플러스익스프레스 학동역점,구분없음,준대규모점포
1,영업/정상,1,정상영업,244.6,서울특별시 강서구 화곡동 970번지 2호,서울특별시 강서구 까치산로 106 (화곡동),37.5474957,126.8493166,홈플러스익스프레스 화곡2점,그 밖의 대규모점포,준대규모점포
1,영업/정상,5,영업개시전,9747.1,서울특별시 마포구 동교동 190번지 1호,서울특별시 마포구 와우산로35길 50-4 (동교동),37.5595278,126.9247949,홍대복합역사 상업시설,쇼핑센터,대규모점포
1,영업/정상,1,정상영업,3015,서울특별시 강서구 화곡동 370-76,,37.53538266,126.8395463,화곡 더리브스카이,그 밖의 대규모점포,
1,영업/정상,1,정상영업,9370.53,서울특별시 종로구 인의동 48번지 2호,"서울특별시 종로구 종로 183 (인의동, 효성주얼리시티)",37.5713845,126.9983523,효성주얼리시티,그 밖의 대규모점포,대규모점포
1,영업/정상,1,정상영업,9747.1,서울특별시 마포구 동교동 190번지 1호,서울특별시 마포구 양화로 188 (동교동),37.5555662,126.9308751,AK PLAZA 홍대,쇼핑센터,
1,영업/정상,1,정상영업,13006.43,,"서울특별시 중구 마장로 22 (신당동, DDP FASHION MALL)",37.567612,127.0123205,DDP FASHION MALL,그 밖의 대규모점포,
1,영업/정상,1,정상영업,7960,서울특별시 성동구 행당동 168번지 151호 왕십리민자역사,"서울특별시 성동구 왕십리광장로 17, 왕십리민자역사 (행당동)",37.5612886,127.038382,ENTER-6,그 밖의 대규모점포,대규모점포
1,영업/정상,1,정상영업,158.8,서울특별시 성동구 성수동1가 656-1208 성수만세주유소,"서울특별시 성동구 왕십리로 109, 성수만세주유소 1층 (성수동1가)",37.5475346,127.0442557,GS THE FRESG 서울숲점,구분없음,
1,영업/정상,1,정상영업,673.32,서울특별시 강서구 염창동 242-11 한희빌딩,"서울특별시 강서구 양천로67길 15, 한희빌딩 1층 (염창동)",37.5550216,126.8676749,GS THE FRESH 강서증미역점,구분없음,
1,영업/정상,1,정상영업,162.48,서울특별시 관악구 봉천동 952-1,"서울특별시 관악구 국회단지길 7, 1층 (봉천동)",37.4866534,126.9392099,GS THE FRESH 관악은천점,구분없음,
1,영업/정상,1,정상영업,203.28,서울특별시 광진구 구의동 236-53 광진 더프레236,"서울특별시 광진구 자양로 168, 102호 (구의동, 광진 더프레236)",37.5420218,127.0855712,GS THE FRESH 광진구의점,구분없음,
1,영업/정상,1,정상영업,216.08,서울특별시 서대문구 남가좌동 390 래미안 루센티아,"서울특별시 서대문구 거북골로 100, 지하3층 32,33,34,35호 (남가좌동, 래미안 루센티아)",37.5762208,126.9176445,GS THE FRESH 남가좌디엠씨점,구분없음,
1,영업/정상,1,정상영업,158.34,서울특별시 노원구 상계동 95-3,"서울특별시 노원구 덕릉로 753, 노원롯데캐슬시그니처아파트 근린생활시설 2동 16,17호 (상계동)",37.6584337,127.0741465,GS THE FRESH 노원캐슬점,구분없음,
1,영업/정상,5,영업개시전,307.23,서울특별시 동대문구 장안동 310-8 희헌빌딩,"서울특별시 동대문구 장한로28가길 45, 희헌빌딩 (장안동)",37.5750355,127.0725712,GS THE FRESH 동대문장안점,구분없음,
1,영업/정상,1,정상영업,307.23,서울특별시 동대문구 장안동 310-8 희헌빌딩,"서울특별시 동대문구 장한로28가길 45, 희헌빌딩 (장안동)",37.5750355,127.0725712,GS THE FRESH 동대문장안점,구분없음,
1,영업/정상,5,영업개시전,539.78,서울특별시 동작구 상도동 535 상도2차두산위브트레지움아파트,"서울특별시 동작구 상도로30길 40, 판매/근생시설동 1층 125~131호 (상도동, 상도2차두산위브트레지움아파트)",37.503745,126.9434397,GS THE FRESH 동작구청점,구분없음,
1,영업/정상,1,정상영업,250.8,서울특별시 마포구 염리동 14-149,"서울특별시 마포구 대흥로24길 24, 마포 프레스티지 자이 아파트 단지 내 상가 A동 115~119호 (염리동)",37.553624,126.9473546,GS THE FRESH 마포염리점,구분없음,준대규모점포
1,영업/정상,1,정상영업,297,서울특별시 종로구 무악동 82 무악현대아파트,"서울특별시 종로구 통일로 246-10, 무악현대아파트 지하 1층 (무악동)",37.5752001,126.9604154,GS THE FRESH 무악현대점,대형마트,
1,영업/정상,1,정상영업,203.2,서울특별시 영등포구 문래동6가 33,"서울특별시 영등포구 문래북로 8, 1층 101~106호 (문래동6가)",37.5202849,126.8933805,GS THE FRESH 문래점,구분없음,
1,영업/정상,1,정상영업,316.8,서울특별시 도봉구 방학동 484-7,"서울특별시 도봉구 시루봉로 103-1, 1층 (방학동)",37.660089,127.0273752,GS THE FRESH 방학신동아점,구분없음,준대규모점포
1,영업/정상,1,정상영업,467.23,서울특별시 성동구 하왕십리동 1070 센트라스,"서울특별시 성동구 왕십리로 410, 상가(L)동 지하1층 B102,B103호 (하왕십리동, 센트라스)",37.56611,127.0276467,GS THE FRESH 성동센트라스점,구분없음,
1,영업/정상,1,정상영업,327.3,서울특별시 성동구 상왕십리동 811 텐즈힐,"서울특별시 성동구 마장로 137, 221동 1층 1230호,1231호,1232(일부)호 (상왕십리동, 텐즈힐)",37.5693623,127.0247156,GS THE FRESH 성동텐즈힐점,구분없음,
1,영업/정상,5,영업개시전,186.6,서울특별시 성북구 길음동 508-16,"서울특별시 성북구 숭인로8길 80, 롯데캐슬클라시아 상가 101~104호 (길음동)",37.6077442,127.0263193,GS THE FRESH 성북클라시아점,구분없음,
1,영업/정상,1,정상영업,197.2,서울특별시 송파구 석촌동 5-8,서울특별시 송파구 백제고분로33길 25 (석촌동),37.5050826,127.098604,GS THE FRESH 송파석촌호수점,구분없음,
1,영업/정상,1,정상영업,164.83,서울특별시 송파구 거여동 202-180 송파시그니처롯데캐슬,"서울특별시 송파구 거마로 56(거여동, 송파시그니처롯데캐슬)",37.4958706,127.1474603,GS THE FRESH 송파시그니처점,구분없음,
1,영업/정상,1,정상영업,444.37,서울특별시 송파구 문정동 618 파크하비오,"서울특별시 송파구 송파대로 111, 하비오길동 제1층 호텔로 202동 (문정동, 파크하비오)",37.4816556,127.1234515,GS THE FRESH 송파하비오점,구분없음,
1,영업/정상,1,정상영업,561.4,서울특별시 영등포구 신길동 4902-6,"서울특별시 영등포구 신길로 162, 1층 일부 (신길동)",37.5066805,126.9115416,GS THE FRESH 신길사러가점,구분없음,
1,영업/정상,1,정상영업,258.45,서울특별시 중랑구 신내동 502-5 대명프라자,"서울특별시 중랑구 봉화산로56길 153, 대명프라자 (신내동)",37.6017562,127.0968357,GS THE FRESH 신내점,그 밖의 대규모점포,
1,영업/정상,1,정상영업,323.62,서울특별시 마포구 신수동 93번지 102호 신촌숲아이파크,"서울특별시 마포구 광성로 17, 상가동 127호 (신수동, 신촌숲아이파크)",37.5499797,126.934979,GS THE FRESH 신촌숲아이파크점,구분없음,준대규모점포
1,영업/정상,5,영업개시전,275.04,서울특별시 서대문구 대현동 144 신촌럭키아파트 상가동 101호,"서울특별시 서대문구 이화여대길 50-12, 상가동 1층 101호 (대현동, 신촌럭키아파트)",37.559518,126.9479577,GS THE FRESH 신촌이대역점,그 밖의 대규모점포,
1,영업/정상,5,영업개시전,275.04,서울특별시 서대문구 대현동 144 신촌럭키아파트 상가동 101호,"서울특별시 서대문구 이화여대길 50-12, 상가동 1층 101호 (대현동, 신촌럭키아파트)",37.559518,126.9479577,GS THE FRESH 신촌이대역점,그 밖의 대규모점포,
1,영업/정상,1,정상영업,198,서울특별시 강남구 신사동 638-6,"서울특별시 강남구 압구정로 312, 신사동동 1층 (신사동)",37.528757,127.0355137,GS THE FRESH 압구정점,구분없음,
1,영업/정상,1,정상영업,321.65,서울특별시 용산구 이촌동 302-52 LG프라자,"서울특별시 용산구 이촌로 200, LG프라자 지하1층 (이촌동)",37.5209493,126.9693573,GS THE FRESH 용산이촌점,구분없음,
1,영업/정상,1,정상영업,199.8,서울특별시 용산구 한강로3가 63-70,"서울특별시 용산구 서빙고로 17, 용산해링턴스퀘어 C동 1층 111~115호 (한강로3가)",37.5258963,126.9676579,GS THE FRESH 용산해링턴점,구분없음,
1,영업/정상,1,정상영업,151.47,서울특별시 중랑구 망우동 580 중랑숲금호어울림,"서울특별시 중랑구 양원역로 18, 103~106호 (망우동, 중랑숲금호어울림)",37.6022258,127.1091554,GS THE FRESH 중랑망우점,그 밖의 대규모점포,
1,영업/정상,1,정상영업,198,서울특별시 성북구 길음1동 1280번지 6호,서울특별시 성북구 길음로 103 (길음동),37.6108717,127.017973,GS수퍼마켓 길음점,그 밖의 대규모점포,준대규모점포
1,영업/정상,1,정상영업,202,서울특별시 성북구 길음1동 1284번지 삼성래미안3차아파트,"서울특별시 성북구 길음로 33 (길음동, 길음뉴타운8단지아파트)",37.6075197,127.018009,GS슈퍼마켓 길음뉴타운점,그 밖의 대규모점포,준대규모점포
1,영업/정상,1,정상영업,331,서울특별시 성북구 돈암2동 636번지,"서울특별시 성북구 북악산로 844 (돈암동, 돈암이수브라운스톤아파트)",37.5975955,127.01787,GS슈퍼마켓 돈암점,그 밖의 대규모점포,준대규모점포
1,영업/정상,1,정상영업,1202,,"서울특별시 성북구 성북로4길 52 (돈암동, 한진아파트)",37.5947663,127.0104379,GS슈퍼마켓 동소문점,구분없음,준대규모점포
1,영업/정상,1,정상영업,6876.34,서울특별시 용산구 한강로2가 191호,서울특별시 용산구 한강대로 92 (한강로2가),37.5319275,126.9711868,LS Avenue,그 밖의 대규모점포,대규모점포
1,영업/정상,1,정상영업,3386.04,서울특별시 강남구 청담동 4번지 1호 외 9필지,서울특별시 강남구 도산대로 442 (청담동),37.5233934,127.0436578,SSG Food Market 백화점,백화점,
1,영업/정상,1,정상영업,84573.34,서울특별시 영등포구 여의도동 22번지,서울특별시 영등포구 여의대로 108 (여의도동),37.5260497,126.928296,THE HYUNDAI SEOUL,백화점,대규모점포
1,영업/정상,1,정상영업,22471.9,서울특별시 마포구 동교동 166번지 15호,서울특별시 마포구 양화로 176 (동교동),37.5574298,126.9272197,YZ Park 홍대점,전문점,대규모점포